--
-- File generated with SQLiteStudio v3.2.1 on Mo Feb 22 04:18:26 2021
--
-- Text encoding used: UTF-8
--
-- Table: Adresse
INSERT INTO Adresse (
                        Adresse_id,
                        Hausnummer,
                        Strasse,
                        Stadt,
                        PLZ
                    )
                    VALUES (
                        1,
                        206,
                        'Ichbims Str.',
                        'Koeln',
                        '3566'
                    );

INSERT INTO Adresse (
                        Adresse_id,
                        Hausnummer,
                        Strasse,
                        Stadt,
                        PLZ
                    )
                    VALUES (
                        2,
                        207,
                        'Holtener',
                        'Duisburg',
                        '47167'
                    );

INSERT INTO Adresse (
                        Adresse_id,
                        Hausnummer,
                        Strasse,
                        Stadt,
                        PLZ
                    )
                    VALUES (
                        3,
                        287,
                        'Hans',
                        'Muenchen',
                        '8721'
                    );
					
-- Table: Standort

INSERT INTO Standort (
                         Standort_id,
                         Etage,
                         Regalnummer
                     )
                     VALUES (
                         1,
                         5,
                         2
                     );

INSERT INTO Standort (
                         Standort_id,
                         Etage,
                         Regalnummer
                     )
                     VALUES (
                         2,
                         1,
                         4
                     );

INSERT INTO Standort (
                         Standort_id,
                         Etage,
                         Regalnummer
                     )
                     VALUES (
                         3,
                         2,
                         5
                     );

INSERT INTO Standort (
                         Standort_id,
                         Etage,
                         Regalnummer
                     )
                     VALUES (
                         4,
-                        1,
                         1
                     );
-- Table: Autor

INSERT INTO Autor (
                      Autor_id,
                      Vorname,
                      Nachname
                  )
                  VALUES (
                      1,
                      'Peter',
                      'Musk'
                  );

INSERT INTO Autor (
                      Autor_id,
                      Vorname,
                      Nachname
                  )
                  VALUES (
                      2,
                      'Alex',
                      'Peter'
                  );

-- Table: Nutzer

INSERT INTO Nutzer (
                       Email,
                       Name,
                       Nachname,
                       Geburtsdatum,
                       Passwort
                   )
                   VALUES (
                       'm@w.de',
                       'Marcel',
                       'Warth',
                       '1996-03-02 00:00:00',
                       'A3fwfw'
                   );

INSERT INTO Nutzer (
                       Email,
                       Name,
                       Nachname,
                       Geburtsdatum,
                       Passwort
                   )
                   VALUES (
                       'd@d.de',
                       'd',
                       'd',
                       '1993-09-10 00:00:00',
                       'B5ad7'
                   );

INSERT INTO Nutzer (
                       Email,
                       Name,
                       Nachname,
                       Geburtsdatum,
                       Passwort
                   )
                   VALUES (
                       'r@i.de',
                       'Juergen',
                       'Wuergen',
                       '1978-03-02 00:00:00',
                       '2hvh2uJH'
                   );

INSERT INTO Nutzer (
                       Email,
                       Name,
                       Nachname,
                       Geburtsdatum,
                       Passwort
                   )
                   VALUES (
                       'h@i.de',
                       'Hans',
                       'Mensch',
                       '1996-03-02 00:00:00',
                       '6Hjfh'
                   );

INSERT INTO Nutzer (
                       Email,
                       Name,
                       Nachname,
                       Geburtsdatum,
                       Passwort
                   )
                   VALUES (
                       'm@m.de',
                       'Max',
                       'Musk',
                       '1999-01-01 00:00:00',
                       '4Hmnhb2'
                   );

INSERT INTO Nutzer (
                       Email,
                       Name,
                       Nachname,
                       Geburtsdatum,
                       Passwort
                   )
                   VALUES (
                       'e@x.de',
                       'Udo',
                       'Warth',
                       '1969-10-16 00:00:00',
                       '6iw7qriaA3A6'
                   );

-- Table: Medium

INSERT INTO Medium (
                       Medium
                   )
                   VALUES (
                       'Hardcover'
                   );

INSERT INTO Medium (
                       Medium
                   )
                   VALUES (
                       'CD'
                   );

INSERT INTO Medium (
                       Medium
                   )
                   VALUES (
                       'DVD'
                   );

INSERT INTO Medium (
                       Medium
                   )
                   VALUES (
                       'Softcover'
                   );

-- Table: Genre

INSERT INTO Genre (
                      Bezeichnung
                  )
                  VALUES (
                      'Kriminalroman'
                  );

INSERT INTO Genre (
                      Bezeichnung
                  )
                  VALUES (
                      'Thriller'
                  );

INSERT INTO Genre (
                      Bezeichnung
                  )
                  VALUES (
                      'Novelle'
                  );

-- Table: Bibliothekar

INSERT INTO Bibliothekar (
                             Email,
                             Telefonnummer
                         )
                         VALUES (
                             'r@i.de',
                             '004987347'
                         );

INSERT INTO Bibliothekar (
                             Email,
                             Telefonnummer
                         )
                         VALUES (
                             'm@w.de',
                             '004933578'
                         );

-- Table: Kunde

INSERT INTO Kunde (
                      Email,
                      Guthaben,
                      Befreiung,
                      Adresse_id
                  )
                  VALUES (
                      'm@w.de',
                      10.0,
                      0,
                      2
                  );

INSERT INTO Kunde (
                      Email,
                      Guthaben,
                      Befreiung,
                      Adresse_id
                  )
                  VALUES (
                      'r@i.de',
                      150.1,
                      0,
                      2
                  );

INSERT INTO Kunde (
                      Email,
                      Guthaben,
                      Befreiung,
                      Adresse_id
                  )
                  VALUES (
                      'd@d.de',
                      0.0,
                      0,
                      3
                  );

INSERT INTO Kunde (
                      Email,
                      Guthaben,
                      Befreiung,
                      Adresse_id
                  )
                  VALUES (
                      'h@i.de',
                      13.89,
                      0,
                      3
                  );

INSERT INTO Kunde (
                      Email,
                      Guthaben,
                      Befreiung,
                      Adresse_id
                  )
                  VALUES (
                      'm@m.de',
                      159.78,
                      0,
                      2
                  );

-- Table: Artikel

INSERT INTO Artikel (
                        ISBN,
                        Bezeichnung,
                        Beschreibung,
                        Coverbild,
                        Erscheinungsdatum,
                        Medium
                    )
                    VALUES (
                        '10',
                        'kpwashierstehensoll',
                        'super_toll',
                        X'89504E470D0A1A0A0000000D49484452000004800000028808020000008749165A000000017352474200AECE1CE90000000467414D410000B18F0BFC61050000000970485973000012740000127401DE661F780000370749444154785EEDDD2D78224BD736D09148243212191919898C8C442223719191919148241289442291482432F2F9F63B55A73E4E669243FE2A4DF75A0A76674843735DA97BAA7AD7AFFF010000508500060000508900060000508900060000508900060000508900060000508900060000508900060000508900060000508900060000508900060000508900060000508900060000508900060000508900060000508900060000508900060000508900060000508900060000508900060000508900060000508900060000508900060000508900060000508900060000508900060000508900060000508900060000508900060000508900060000508900060000508900060000508900060000508900060000508900060000508900060000508900060000508900060000508900069CE47038DCDFDF5F5C5CFCFA2D1E3C3D3DE56300009C460003FEDBE3E363BFDF4FD1EB5844B2FC1300009C400003DE72381C6E6E6E72DEFA9BD56A957F140080FF228001AF5AAFD765CD6188C7B3D92CEACFCFCFD7D7D7A5184FD3CF0300F036010CF8BB8787875EAF975256188FC7C7416BBFDF97458993C92457010078930006BCB4DD6EAFAEAE52B80A11B4E6F3793E7664369BE59FF8F52BCD8C0100F036010CF89717135F91C4228FE5637F28B787C53F59AFD7B90A00C02B0430207B31F115A6D3E9DBF777C5D1E170987EF8E2E262BFDFE7030000FC8D0006FC9F17135F11AB4E9CD1DAED76E566B0C86F1A720000BC410083AEDB6C36EF9DF87A61B55AE57FA9210700C09B0430E8AE485991B57272FAEDF489AF171E1F1FF34BFCFAF5F4F494AB0000FC9B00061DB55C2E8FF7F8EAF57A0F0F0F9F5940381E8FCB4B69C80100F057021874CE7EBF2F6129198D46BBDD2E1FFEA8086F6529E36030D0900300E04F021874CB7C3E2F3D334224A5C562918F7D5AA4B878C1F4CA1A720000FC490083AE883834994C523A4AEEEEEE0E87433EFC4556AB55E9A6A8210700C00B021874C26EB73B6E75188FBFEF36ADE3861C9BCD2657010010C0A00B56ABD5F1B2C3C964F2DD8B036F6E6ED2EF8A07B90400800006AD777F7F9FB250E8F57AF3F93C1FF84E9BCD26FF4A9360000047043068ADC3E1301A8D720CFABDC757CD2C64120C00E04F0218B4D37ABD3EDEE62B52D097F7DB789B493000803F0960D0424F4F4FA51561787878C807EA32090600F0820006ADF2A2D77CBFDF5FAD56F9587526C100005E10C0A03DF6FBFD8B5EF351C9C77E8849300080630218B4C47ABD1E0C0629ED840ABDE64F713C09B6582C721500A0AB04306883E39BBEE2413CCD071A603C1EA7138B7CF8E3337200003F4B0083B3777CD357849CF57A9D0F34C3F3F373E9C7787D7D9DAB00009D2480C1193B1C0E116952B6094DB8E9EBAF22139609BAC7C7C75C0500E81E010CCED566B339DEE9AB21377DBDE6FEFE3E9D6724311D110180CE12C0E02CCD66B3C6DEF4F59A3259371C0E9B9C150100BE8F00066766BFDF8F46A3946442036FFA7ACD6EB7EBF7FBE9B4279349AE020074890006E764B95C1EF79A6FEC4D5FAF99CFE7F9D475A507003A490083F370381C4A3FF7643A9D9EE342BEF22EFAFDFE6EB7CB5500806E10C0E00CACD7EBE17098724B38A365877F8AD058DECBE5E5A59BC100804E11C0A0D1229F4CA7D3145792F1787C381CF2E1F3B4DD6E4B0791783BB90A00D001021834570495ABABAB145442BFDF9FCD66F9D8998B3792DFD5AF5FAD79530000FF490083867A7C7C2CD344E1ECFA6DFCA7723358BCCD889AB90A00D06A021834CEE170386E341FF9E4E1E1211F6B91E39BC1EC0C060074840006CDB25EAF8F1BCD473239DF7E1BFF29DE9A9BC100804E11C0A041EEEFEF531A49269349EBE7851E1F1FF3BBFDF56BB55AE52A00404B0960D008FBFDFE45BF8DEEEC537C737393DEB5AEF40040EB0960F0F3226B45E24A2124B4AFDFC6DBE2CD9685888F8F8FB90A00D0460218FCA4E7E7E7C96492B247727F7F9F8F754959881849AC53E11300E81A010C7ECC76BB2D6D00C360306871BF8DB74510BDBCBC4C9FC3EDED6DAE0200B48E00063FE3E1E1A1ACBB0B37373787C3211FEBA4D56A953F0BDD380080F612C0A0B6ED767BDC6F2362D86C36CBC7BAEDF6F6367D26BA7100006D2580413D112AA6D369CA1849248DC863F970E7E9C60100B49E000695AC56ABE33BBE22693C3C3C98E77941370E00A0DD0430F87687C3613C1EA75C915C5D5D99F8FA2BDD3800807613C0E07BCDE7F3C160901245E8F7FBEEF87A9B6E1C00408B0960F05DF6FBFD6834CA49E2B79B9B1BCBEA4EA11B0700D05602187C8B8787877EBF9F5244180C06CBE5321FE3BFE8C60100B49500065F6CBD5E97BB9892BBBBBB8EEFF1F501BA710000AD2480C197899CF0A2D9C670388C3C960FF31EBA710000AD2480C1D7787C7C3C5E73188F1F1E1EF2313E44370E00A07D0430F8AC3FD71CDEDEDE5A35F72574E300005A4600838FFBEB9A4373355F48370E00A0650430F888C3E1707F7F6FCD6105BA7100006D2280C1FBFC19BD823587DF47370E00A04D043038D55FA3973587151C77E398CD66B90A0070860430F86F7F8D5E171717C24035E55EBB5EAFA7B33F0070BE0430788BE8D510CFCFCF575757E5F3B7E0130038530218BCEAE1E141F46A8EDD6E37180CD285B8BEBED6951E0038470218FCC566B329F32D89E8D504ABD5AA74A5BFBBBBCB550080F32180C1BF3C3F3F4FA7D334C44F44AF46295DE9C3D3D353AE02009C09010CFEBFE5725916B9855EAFF7F0F060A95BD368C801009C2F010CFECF7EBFBFB9B949C3FA64341A6DB7DB7C9826396EC8118159430E00E08C0860F0BFD96C76DC6C23C6F4D61C36DC71438E086366290180732180D175777777691C9F8CC7E3C3E1908FD160C70D39E2AAE52A0040B30960745704ADEBEBEB34820FC3E1D00D45E7E5B821C76834929C0180E613C0E8A8ED761B892B0FDE7FFDBAB9B9B18CED1C4D26937C097FF7ABDC6C36F900004023096074D172B93CBEE9EBFEFE3E1FE00C1DCF83F57A3DBDE901802613C0E89C17E3F5F97C9E0F70B6D6EBF5F1FE0193C9C47C2600D04C0218DD727F7F9F07E956ACB5CB7EBF2FBDE9C3E5E5E56EB7CBC700001A4300A3438ED3570CD6F56C689FE39E96FD7E7FB95CE6030000CD2080D115C7E96B341A59A2D656F3F9FCF806BF8787877C0000A00104303AE145BF72E9ABDD5EB4B8D4640500680E018CF65BAFD765C75EE9AB230E87C3EDED6DBAE8410603001A4200A3E562207E71719146E1575757D257A78CC7E374E9830C060034810046CBDDDCDCA4F177AFD7DB6EB7B94A67C8600040A30860B4D9D3D3531E7AFFFA757D7DBDDFEFF301BA440603009A4300A3CD8E3B31845EAFA7275E37C9600040430860B4D9F1AE50C564323115D641C7192CBE18B90A0050970046272C168BCBCBCB3CFAFE3D1516437031AC6B8E33D8CDCD8D9DB80180FA0430BAE2F9F9B934E4482286DDDEDE3E3D3D69CED11DC7192C32F96EB7CB070000AA10C0E896175361C560308878767F7FBF5AAD4C8CB4DB743ACD57FDD7AF7EBFBF5EAFF3010080EF2780D145AFC5B0E2E2E262341A451E5B2E97562AB6CF7C3E2F7B73C783D96C960F00007C33018CEEDA6C368F8F8F373737FD7E3F8DC55F33180C6E6F6F63982E8CB5C67ABD3EBEEE777777663E01800A0430F83F11C6225FC528FCFAFA3A0FC95F717979399D4EAD5B6B81DD6E773C111A317B3E9FE7630000DF430083BF38258FF5FBFD381A3F737F7F1F03F7D56AA5A3C3D9391C0E2F5AB3C435D5940500F83E0218FCB7F57A3D9D4EDFBE6DEC1417171731BE3FC5783C8E5C972C97CB4877C1B4DB3789FC3C180CF245FA2D2E773E0600F0A504307887FD7E3F9BCD6E6F6FFFF3B6B1EF767A963B963A8B1425DA858EDFDE76381C8EBB2386ABAB2BB7FC01005F4E00830FDA6EB7915B9E9E9E22C98CC7E38837118AF2E0FDCC0D068314D8269349BCBB788FF14EBB30FF16D734DE75FE147EAF325D2C16F91800C05710C0A04176BBDDEFE9A8FFF37B8EEAFFA47497E464F0A3AEAEAEE24C5A9CCD1E1E1EF25BFD2DDE663E0000F0690218B4DF71AE5B2C16BF635D96725DF2F97595299B8537D63A9E45AB928894C7778545DAB41C1100F8120218F017698165496B29567DF99D6FA9936448CD24534ECB67F0D30E87439C583E51FB3503005F440003DE27CDA77D6B368BB413AF79737313AF9F5639FEC8BCD9F3F3739C463EA7DFF20100808F329E00BECC6B6B1DA7D3E9EF989645BECA81E69D86C361A4B287878778FD4847F9B77E9B783BC70B116F6F6FF30100808F12C0809F94D63A3E3E3E464E1B8D4611CF72DC39C1E5E5E5643299CD669BCD26BFDCD78980777575957E51C430F78001005F4200031AE77038442A9BCFE791CA5213C8171B25FF29AD5A8C9F5F2C165F1296E2F79657B6053600F0550430E06C6C369BA7A7A7C96472797999D2D16B2E2E2E5227C648711F884F8F8F8FF9857EFD8ADF98AB00009F268001E76AB55A3D3C3CDCDCDC9CB205F670383C3192CD66B3FC6F7E37A0CF550080AF2080016DB0DFEF97CB65E4ABEB935B3246244BAB16237145964BAF739CBE22B05568F50100748A0006B4D076BB4D79ECF6F6B6F4D2F84FC73369F158FA0200BE9C000674C2872359DA8E6CB55A1D0E87FC5A00001F2580011D751CC94E5CB5288F01009F2480D145F3F9FCFAFAFAF1F1313FA7DB168B450E58BF7EA5BBC24E9C258B3C163F3F9D4ED3DED091E8F22B9EECE9E9295E21FE797E0E00B49D004617954DA562A89D4B74D57ABDEEF57AE9FB1059E8C57D5F9BCD26E27A44AC38547EEC6DA7B45BDCED76B3D92C625EFA27F1CAF90000D07602185D9446BD89C9872E8B2054161F5E5C5CFCE7AAC2ED76FBDE3C164EF9C9FC0B0080B6F3579F2ECA63DEDF6270EC669E6E8AEB1EA12B7D0D22864518CB074E16792CED459622D970384CAFF601F9150180B6F3579F2E7A3123B15C2EF3013AE3F9F9392253FA02C4F7E1EDAD99DFE594768BF11B47A35124B7FC5C000380CEF0579FCED9EFF779CCFB0FAB103BA8DC7F15168B45AE5697CF40000380CEF0579FCE292DEFCA3CD8CDCD4D3E46374CA7D374E9C3CFC6EF7C120218007486BFFA74CEFDFD7D1AF2961568171717F9181DF0F4F494AE7B984C26B9FA43F279086000D019FEEAD33937373769C83B9FCFCB24983E1C1D717CDBD56834CAD59F934F45000380CEF0579FCE296DC7B7DB6DE991A00F47174C269374B9C3E5E5E58B2DBF7E443E1B010C003AC35F7D3A270F787F0F79EFEEEED2637D38DA2DB2D671D78DD168D49039CF7C420218007486BFFA744E1EF0FE1EF2CE66B3F4581F8E168BAC55EEF70BE3F1B809735F493E27010C003AC35F7D3A270F787F0F79379B4D7AAC0F475BEDF7FBCBCBCB7495C3DDDD5D3ED00CF9B4043000E80C7FF5E99C3CE0FD67C8AB0F478B6DB7DB88D6E9FA86C7C7C77CA031F299096000D019FEEAD33979C0FBCF90B7F4E158AFD7A9423B6C369BD2702562F66C36CB079A249D5EC8CF0180B6F3579FCEC903DE7F86BCA533DED3D353AAD002CBE5B2CC6DC683C676B94C6718F27300A0EDFCD5A773F280F79F21EFE3E3637ADAB4BB83F8B0E3CDBEFAFDFE66B3C9079A279FA50006009DE1AF3E9D9307BCFF0C7997CB657ADA846D79F9A4E3BDDDC2C5C5C56EB7CBC71A299FA80006009DE1AF3E9D9307BCFF0C79F7FB7D7A3A180C528573F4FCFC3C9D4ED3A54C2E2F2FE3E2E6C34D95CF55000380CEF0579FCEC903DEA3216F69D5D0FCF13A7FB55AAD86C361BA88A1D7EB3D3C3C3467B3AF37E43316C000A033FCD5A773F280F768C83B1A8D52451F8EB373381CC6E371BA7CC9D5D5D576BBCD871B2F9FB40006009DE1AF3E9D539AE3E5E7FFFBDF6C364B95EBEBEB5CE21CCCE7F3C16090AE5DE8F7FBCDEC35FF867CEA0218007486BFFA744ED999373FFF3D8B525299558867212E5399B74C6E6E6ECEF1DAFDF9DF010040BBF9AB4FE7FC19C08255886724AE51B96D2F0C0683C66EF3F5B6488CE92DC4DBC92500A0ED04303AE7AF01CC2AC4B3F0FCFC5C36CE4EEEEEEE0E87433E7C6E168B457A17BE7500D01D02189DF3D70076BC0AF17C07F4EDB6DFEF8FF7F81A0E87EBF53A1F3B4F65C3689B80034077086074CE5F0358B8BEBE4EF5C562914B34C66AB53AEEB7311E8FCFA2CBFCDB6E6E6ED2DBF1950380EE10C0E89CD702D8FDFD7DAA9B8E689AC7C7C7746942AFD76BCD7D7AE5ABB8DBED720900683B018CCE792D80AD56AB54BFBCBCCC257EDAF3F3F3EDED6DBA2E6130189CFBB2C3E27038A437A5030700748A0046E7BC16C062AC5F6E033323D104DBED36C270BA22E1FAFABA4DB7E72D97CBF4BE46A3512E01001D2080D139AF05B0506E033BBBFD7CDB67B1581CF79A6FDFBAD0D281633A9DE61200D00102189D5302D89FD329E536B0F1789C4BFC84722142C4B056F6A8D0810300BA4900A373CAAAB63FD71996DBC022A4E51275452A2EC9240C87C3ED769B8FB54BBCB5F41EAD7705804E11C0E89CD1689406BE11B772E91F6E03FB599BCDA6CC4F8648622DDE93AD7CD3F27300A01BFCEDA773C6E3711AF8CEE7F35C3A52E2D9C3C3432E51455C8E9249C2E3E3633ED052E96D0E0683FC1C00E806018CCE994EA769ECFBD7EDA466B3593A7A7575954B7CBFD29122F4FBFD3F27275B66B7DBA5376BB12B00748D0046E7945D7DEFEFEF73E9C8E170B00AB1A6E7E7E732271922F7EEF7FB7CACBD369B4D7ABFD7D7D7B9040074830046E79439AED75A1D5A85584DC4DDF269879B9B9BC863F958AB95762FF196730900E806018CCEF9CFB1AF558875EC76BBE37D96DBB7D3D71BE6F3797AD7363C0080AE11C0E89CED769BC6BEAFE52BAB102BD86C3683C1207DC8E1AFF7E3B558BCDFF4C6EDC20C005D2380D139FBFD3E8D7DDFE87F6015E2B75A2C1625E2C6830EEE445C769AF6050380AE11C0E8A234F68DA17F7EFE07AB10BF4F6982120683C166B3C907BAE4EEEE2E7D02F14DCB2500A01B0430BAA8ECF6FBDA3EBFC7AB10BBD094AF9A123CC27038ECEC0ACFD2F8B183B37F00D07102185D1443FF34FC7D2300945588E628BEC4F3F3F3CDCD4DFA48C3F5F5F56BE9B70BE2EDA7CFA1F53B9E01002F0860745119FEAED7EB5CFA436993A051F8E7EDF7FBE38687E3F1B823EDE65F737575953E0A5D5E00A06B0430BAA84CC5BC31FF1023E3F433BD5EAFE369E193369B4D59F319F4FD0BFD7E3F7D1A16B80240D708607451B903E7EDE58565D266B95CE612EF141F5D091BC17ACE5076A28B4F26970080CE10C0E8A2E9749A46C06F6F3F557A854F26935CE23D4A33C91061438E4DCAF7CA2ECC00D04102185D5446C0F12097FE66BD5EA71F7B63C7305E73DC6E3E3EC06EB69BFFAB32B36A3E10003A4800A38BCACCCCDDDD5D2EBDA22C9F931FDEA544DC107943AB89E27038E4CFE5F55D1000801613C0E8A2F97C9E46C0FFB906ACDC2DF6F65C19C7269349FAD0C2D5D5959871AC847F7B7C03403709607451E982301A8D72E91525AA192E9FA844D6101FAF06922F88F400D07102185DB4D96CD220F8FAFA3A975E71381C7ABD5EFA611DC3DFF662ABE5DBDB5BE9EB4F6551EB1B7BD001002D2680D145658FAF53BA6B8C46A3F4C30F0F0FB9C41F226B950F2AE8EFF757A5ADCB6030C82500A0630430BA28D2C2E9E3E0B20A71381CE612FF76381C4A67BFF09FAD4D3AABF426115001A0B304303A2A8D83437EFEBA486B6515A25E887F7A91BEDCDAF486ABABABF42945AACF2500A06304303AEAE2E2220D854FE9D1571A2798DB7961B7DB954F32BCBDB175C7C5372D7F4C1AD0034087096074D470384C43E153B6A82A5D13078381C612C576BB3D4E5FB6157E5B59CBFA9FAD5F00801613C0E8A81804A7D1F089CDE84AD2582E97B9D46D9BCDA634F4EBF57A8BC5221FE0151AD003004100A3A34AC3F4D56A954B6F9A4EA7E9E76F6F6F73A9C322B51EA72FA1F41425C3BB931000BA4C00A3A3CA74C4890BE7B6DB6DFAF9C81B1DBF8127E256E94A12314C9C38C57EBF2F9F582E01009D2480D15177777769407C7ADF88D2C2AECBAD26E6F3B9F4F5018BC5227D686E0003808E13C0E8A8B223D3E937E43C3E3EA67F12492C973A269267FA04C2C5C5C529FD4B48CAF74D234D00E838018C8E2A59E2F401F17EBF2F933F1DCC1E65CE300C8743E9EB5DCA3D87760003808E13C0E8A8D96C9606C4E3F138974E301A8DD2BFEA5423BBC3E1509A4686CBCB4BDB58BDD76030489FDE76BBCD2500A09304303AAA6CED15992A974E50B6721A0E87B9D4761118CA9E69E1E6E6C64E68EFA503070050086074540960EF6A8A10D9A3AC423C7103B1B3B65C2E4BBBF96003AB8F291D38DE95F601805612C0E8A8DD6E97C6C4171717B9749AD2BFBEF5DD144AD39110B1D3CD4B1F5636918B07B90400749500464795556183C120974EB35C2E3FF60FCFC8F3F373C9992132AA76F39F516E1D5C2C16B904007495004677A53171C8CF4F561A2A4418CBA51689685A763C0BF1382AF9181F5296716A1D0900086074571A1387FCFC64A521FBBB3A289E85CD6673717191DE5D8837A8E5C62795C5AE3A7000004100A3BBD2B038E4E7275BAFD7E91FF67ABD36E593F97C5E5A8C84C7C7C77C804FD0810300382680D15D69581CF2F3F7289DD95BD39AE2FEFE3EBDA3D0EFF75BB9BAF247E8C001001C13C0E8AE342C0EF9F97B94B8D282698DE7E7E79B9B9BF47642644B9B057F211D380080630218DD9586C5213F7F8F72634FAFD73BEB1E15F1462E2F2FD37B09D7D7D787C3211FE32BE8C001001C13C0E8AE342C0EF9F93B9556814F4F4FB9746ED6EBF5F13ECBADDFD9ACBEB2DFF77BB79B0300DA4A00A3BBD2C838E4E7EF14B92BFDF34862B97456E2FC4BCB8D7870BE31B2C9CA0D6093C9249700806E13C0E8AE34320EF9F93BEDF7FB1260CEEBA6A9E7E7E7DBDBDB74E6A1DFEFAFD7EB7C8C2F5596776A6A0200240218DD9546C6213F7FBFD2BBE28C1ADC45562C2D1C432404F7267D93E31B056DA70600240218DD9506C7213F7FBFB2C5D36030C8A5669BCFE7C7377DD967F95B9545AA760003000A018CEE4A83E3909FBF5FA497885EE9451ADE643C4E753299A4530D6EFAAAA034A0F751030085004677A5C171C8CF3FA47459B8B9B9C9A5E6D9ED76A56763180E879BCD261FE37B44E22DB7085AE40900140218DD9506C7213FFF90ED769B5E2446DBCDDC106CB1581C2F3B8CA068A7AF0A96CB65FAC023EEE6120080004697A5F171C8CF3FAA4C2E3D3E3EE652639409BAA48167D85665C1E719356801002A10C0E8AE343E0EF9F947CD66B3F43A8D9AEBD8EFF7D7D7D7E9C4C26030D06BBEA68B8B8BF4C9AF56AB5C020010C0E8B2343E0EF9F9471DDFEDD390901383FED21D2444126BE6F2C8B62A0B53FBFD7E2E0100FC2680D15D2535E5E79F301E8FD34B4D26935CFA390F0F0FE96492FBFBFB7C805ACA25B8BDBDCD250080DF0430BAAB2C12CBCF3F61BD5EA7978A50F7833B6B1D0E87D2FA3CF4FBFDE572998F515159FC399BCD720900E037018CEEFAC2001686C3617AB59F1A7347082CEF285C5D5DE97EFE23220697C9550D270180170430BAEB6B03585975767D7D9D4B153D3D3D95417F984C263F3811D771F3F93C5D85C8C0B90400F00F018CEEFADA00B6DFEF4B04AAB9CD7104ADDBDBDBF47B43BFDF8F00908FF113CA0D81EEBE0300FE2480D15D5F1BC0C2CDCD4D7AC178904BDF6CB7DB5D5E5EA65F1A86C3E176BBCDC7F8099187CBB6D735733800702E0430BAEBCB03580CB8D30B860A6DDF178B4519EB87DBDB5BCB0E7F5C597F18DFAE5C0200382280D15D5F1EC0429904BBBBBBCBA5EF717F7F9F7E51E8F57A8F8F8FF9003FAAF43FB4FE1000F82B018CEEFA8E00B65AADD26B4628FAA649B0C3E15046F96130183464F76776BB5DBE2A55A6400180732480D15DDF11C042B929EB3B26C1369B4D39ED10494CA3F3E6984EA7E9BA8C46A35C0200F837018CEEFAA600B6582CD2CBF6BE7A53E617BDE663B89F0FD00C83C1205D9AF80EE41200C0BF096074D73705B05026C1BEEAD6AC087293C924BD66E8F7FB86F84D538277C430DD500080D7086074D7F705B0D20AEF4BC6E2BBDDEEEAEA2ABD60887417957C8CC6A8D67F0500386B0218DDF57D012C4257598DF6C949B0D56A75DC6B7E3C1E9B5D69A0E36DB86DC50600BC4100A3BBBE2F8085C85DE9C52389E5D2FBBDE835FFF4F4940FD0300F0F0FE9325D5D5DE51200C0DF086074D7B706B0E349B00FDCAF75381CCA92B610A7BAD96CF2319A67381CA62B359BCD720900E06F0430BAEB5B0358289360979797B9749AC85A65401F46A3915EF34D76BCF99B05A200C0DB0430BAEBBB03D8F17D41A74F82CD66B3E35EF3F7F7F7F9004D351E8FD3C59A4C26B90400F00A018CEEFAEE0016EEEEEED2AF386512ECC5B2C37EBFBF5AADF2319A2AAE5A09CCEBF53A5701005E2180D15D69D01CF2F36F703C09F6F64D5CCBE5B2DC3316AEAEAEF49A3F0B4F4F4FE992BD77A12900D04D02181D15D1288D9B2F2E2E72E97B9449B09B9B9B5CFAB7E7E7E7F233C9743ACDC768BC2FDF741B006837018C8EDA6C3669DCFCDD7DC3B7DB6DFA45E1CF49ADF57A7DDC6F231E5BC67646CAB7A8D7EB45A4CF550080D7096074D472B94C43E7D726A6BE50B9B3EB45478D878787E37E1BE3F158B7C3F352A62E6F6F6F730900E04D02181D359BCDD2D0B942E7BAC562917E5759EEB8DBEDAEAEAE5231F4FBFD0884E910E7E2F9F9392E5CBA822E1F007022018C8EBABFBF4F43E70A7DDE8F37655EAD5691FDCAC03D8C4623ABD7CED17C3E4F57F0BB6F230400DA4400A3A32693491A3D471CCAA5EF54D6AA1D47AF5EAFA773C3F98AE49CAEA3BDDA0080D309607454B92FABCEE2B1D2ADA1B8BABADA6EB7F930E766B7DBE50BF9EB97094C00E07402181D55BA87BFBD3DD797787E7E2E136EC9743A8D623ECC192A4B582B34710100DA4400A3A3CA4D59DF3D7DF1A2D17CB8BEBECEC7385BE5FBB3582C720900E00402181D9546CF213FFF1E0F0F0FF9D7FCDB9F1B827146CA1E0611C3CC640200EF2280D145E5069EEFEB5FB7DD6E5F349A5F2C16AF6D08C679B9BDBD4DD7713A9DE61200C0690430BA68BD5EA7017464A45CFA52F3F9FCAF8DE6FFDC108CB31397B26C9FAD8D0A00F05E02185D5482D097775078D16FE345A3F9171B82E52A67252E68BA82EEE503003E4000A38B9E9E9ED2183AC2522E7D85FD7E7FBCECF0AF8DE6CB8660E3F13897382BA57FE67C3ECF2500809309607451E921FE85F762AD56ABE3658711EDFEDA9EA16C08D6EBF5F46F383B65F16A5C6B970F00F800018C2E1A8FC769183D9BCD72E9738EBB1D46B27AFB65CB14CA57FD76AA29EB4BEFEEEE720900E03D0430BA68341AA561F472B9CCA58F3A1C0EA5B761B8B8B8F8CF9D9DDD4474A69E9F9FCB246785FDBB01805612C0E8A2B233F22787D1F1CF8F37598E2416792C1F7BDD711B3D1B829D91D96C96AEDAE5E5652E0100BC9300461795798CD41DFE63E6F379C951E15DB793D910EC1C5D5F5FA7ABF6F4F4944B0000EF2480D14569181DF2F3777AFE77AFF98873EFED296F43B0B3B3DD6ED325D33D0500F80C018C2E4A23E9909FBFC79FBDE63FB08C3046F036043B2FD3E9345D2FFB0700009F2180D1399197D2483A22502E9DECC45EF3A7B021D819390ECCEBF53A570100DE4F00A3734A007BEFF2BF77F59AFF4F36043B2365E76EED3700804F12C0E89C927C86C3612EFD970FF49A3F850DC1CE45B952DA6F00009F2480D139ABD52A0DA64FDC86EB63BDE64F6143B0B3503AA60C0603739500C027096074CEBB02D8677ACDFF271B829D057B0600005F4800A373CA76BAB7B7B7B9F48A3243153ED06BFE1406F70D777CABDE67768D03004804303AA704B0B7DB0F962E85E163BDE64F6143B0868B2F49BA4093C9249700003E4100A373CABCD66B43EAE7E7E7DBDBDBF433E1E6E6E6FBEEFC39EE6F6E43B0A6395E23FA256D57000004303AE7FEFE3E0DA9FFBAEAEF70385C5F5FA71F0815E63D6C08D65865F3E508E1B90400F03902189DF34600DBED76A5E178787878C807BED3F15D469AEC35C7F1E4E462B1C8550080CF11C0E89C7257CF8B3D9D22085D5C5CA44391856AEECD6543B0062A4B556DBE0C007C21018CCE2901EC38EDAC56AB7EBF9FEAF160B95CE60355D810AC814A2A8EAB934B00009F2680D139A5F3FB7C3E4F95E3CDBE068341FD760BC7CD1EB6DB6DAEF2736CBE0C007C13018CCE293D3652D7C1E3CDBE86C3E14F6D885C62E1DDDD5D2EF17346A351BA1CD3E934970000BE820046E71C07B0179B7D1D0E87FC43D59972690E9B2F0300DF4700A3734AA78D485CE941F8D6CDBE4E547AEE95B591FC88B20B9C8D0100802F2780D1392580151536FB3A45E98FAF15C70FB2F93200F0AD04303AA7743B4CEA6CF6758A18FAE773D28AE3E79455A9A3D128970000BE8E0046B794DB7B42E5CDBE4EA115C7CFB2F93200F0DD04303AE478B3AF5079B3AF5368C5F1B36CBE0C007C37018CAE38DEEC2B44C2C9071A462B8E9F723CFDF5F4F494AB00005F4A00A31366B3591A5817171717F958C368C5F153CAF497E94700E0FB0860B4DF71FA2A531CC3E1301F6E18AD387E4A698F19492C970000BE9A0046CB1DA7AFD168B45C2ED3E326CF2F69C5519FBBEF00803A0430DAEC45FA8A81F56AB54A4F9B1CC08481FA2E2F2FD3673E9D4E730900E01B0860B4D69FE9EBB8787B7B9B7EAC99CA5249AD382A2889B7D7EBEDF7FB5C0500F8060218EDF4D7F4755C1F8FC7A9D24C5A71D454A6BFACF90400BE9B00460BBD96BE42E97437994C72A9918E5B71EC76BB5CE51B94BDB94D7F0100150860B4CD1BE92B9499A578904B4D15277F2EA77AD64ACB9386AF4A0500DA4100A355DE4E5FE18C02D87C3E4FA7DAD88EF92D50A6BF423CCE5500806F2380D11EFF99BEC2783C4E3FF0F4F4944B4D15E7DFEBF5D2D9AED7EB5CE54B95E9AF78904B0000DF4900A3254E495FA104B0F8F95C6AB072B69A437C87DD6E973EDE60FA0B00A84300A30D4E4C5FA1CC789C457BF7B26DF46030C825BE4EC4DAF4F15E5D5DE51200C03713C0387BA7A7AF707D7D9D7E72B55AE552B3950DC1228CE5125F61BFDF97159E8BC522570100BE9900C6797B57FA0A6717C0CA2C4DC3372E3B3BE583BDBCBCCC250080EF278071C6DE9BBEC2C5C545FAF9ED769B4BCDB65EAFD309F77ABD53DE20A730FD0500FC14018C73F581F4154A003BA3DD8D87C3613AE7B3B86FED2C98FE02007E8A00C6597A7C7C4C03E8707AFA0AFD7E3FFDABFD7E9F4B8D57F62E8B779A4B7C82E92F00E00709609C9F1248C2BBD257C8FFECD7397DF34BB7F4880D67941B1BAB74C234FD0500D4278071663E93BE42FE976715C0C2D5D5553AEDE6EF1FDD709BCD267D92C1F41700509F00C639F964FADAEFF7E9DF9EDDB65A91BBD299DBB1EA93CAF4573CC82500808A0430CEC627D357286BF92E2E2E72E94C1CDFB6B45EAF7395773A9EFE8AC7B90A00509100C679F87CFA0A25800D87C35C3A1FB7B7B7E9E4DDB9F461F1D1A5CFD0F41700F0530430CEC097A4AFB05AADD28B5C5F5FE7D2F9389E047327D8072C168BF4E9C5C7782EBBC00100ED2380D1745F95BEC25907B0F0F0F090CE7F30181C0E875CE53465FAEBEEEE2E970000AA13C068B42F4C5FA1CC81DCDEDEE6D25989B75F36929622DEE578FA4B2B7F00E007096034D7D7A6AF309BCDD2AB8DC7E35C3A37C741421B8913C537673018A4CF4D7005007E960046437D79FA0A25804D26935C3A43F169A477110F7289373D3E3EA64F2C62D8977C9100003E4C00A389BE237D85720F55BC7E2E9DA1CD6653BA71D84AF83F1D4F7F4512CB5500801F2280D138DF94BE4279E5B30E60E1EEEE2EBD918B8B0B533A6F3BEE5CE2B302007E9C0046B37C5FFA0AD3E934BDF2B9B7713F1C0E6556270246AEF287E3DEFDB3D92C5701007E8E0046837C6BFA0AE3F138BD780BC6E29121D37BD1D6EF0D76AF06009A4600A329BE3B7D8512C0E6F3792E9DB3B2B1D59976D5FF6EEBF53A7D3E61B55AE52A00C08F12C068840AE92BDCDCDCA45FD18EE1F871C0D092FE4F25A0C675CF2500809F2680F1F3EAA4AF707D7D9D7E4B6BE6434AA494315EB04413006826018C1F562D7D8512C0B6DB6D2E9DB9CD6693DE513009561C3729892F58AE0200348000C64FAA99BEC270384CBF6BB7DBE5D2F93309F6A7D2A65FEB7900A06904307E4CE5F4152E2E2ED2AF6BD39A3493602FC48760A36A00A0B104307E46FDF415D2AF8BD1797EDE1626C18EC5D7297D1AD7D7D7B90400D01802183FE047D2D76EB74BBFF1E2E22297DAC22458B1582CF207613E10006824018CDA7E247D85D2B4BD95132326C1427C97CA2AD3BBBBBB5C05006812018CAA7E2A7D85F97C9E7EEF783CCEA5163109161E1E1ED22730180CB49E07009A4900A39EC7C7C7343E0E95D35728A3F30881B9D42E1D9F045BAD56A5F7467CD3721500A06104302AD91CF5A6AB9FBEC2643249BF7D369BE552BB1C4F82B566A7E913ED76BB7EBF9FDEFBD5D555AE0200348F00460D11B72E2F2FCBF8B87EFA0A658268B95CE652EBDCDEDEA6F7189FF68F7CC83FE2F8DB35180CDAB4C91B00D03E021835945BBF7ABDDE76BBCDD5BACA18FDA74EA082FD7EDFC16578255AC77B5FAFD7B90A00D0480218DFEE78F1E1C3C343AE565796A8B57B6AA8DC68179F79171A511CB775797A7ACA550080A612C0F85E2F161FE66A75711AE91C0683412EB5D4F1077E7B7B9BAB2D75BCEB97BEF300C05910C0F85E4D587C18E257A7D38870924BEDB55AADD29B0D2DEEC6F1A2AD4BAE0200349B00C6376AC8E2C3B05C2ED36974A4457BEBBB711C0E87B2E7723C88A7F9000040B309607C97862C3E4C9E9E9ED2997464A15ABBBB71C457EBFAFA3ABDBB7EBFDFE2AE2A0040FB08607C97862C3E4CCAC974A737608BBB71942DDD428B371500005A4900E35B3467F161321E8FD3C9CCE7F35C6ABBB676E3289399A13B711A00680D018CAFD7A8C5874959B1D6A97DA28EBB714424CED57316EFA804FB08D5B90A00703E0430BE5EA3161F26A5614317B6C63A5636296E41FBC7DD6E37180CD2DB8960DFCAE6220040EB09607CB1E3F60F4D587C98945D98F3F3CE38BE1C8BC52257CF50C4AD085DE98D440CEB5A9006005A4300E38BDDDDDDA55172A3A65CD229450CCBCFBBA45C91E17078BEB346E52EBEC8939D5A470A00B48C00C6576AE67C4B9C553AA58B8B8B5CEA9278FB65E5DE9976AD281D1DC3D3D353AE02009C21018CAFD4CCE9AFDD6ED7C0B3AAA90498486267370976DC78633299E42A00C07912C0F8328DBDDD68BD5EA7B3BABEBECEA58E89D055DA909CD756D4119ECBFD7B71F934DE0000CE9D00C69769E6F45728DDD8DBB41DD67B45244E1F4284E473E96011712BBE4BE9B423409ECB690300BC4100E36B3476FA2BCC66B374621DDF39AA84997309A2719EE984E3ABA5F10600D00E02185FA3B1D35FA104B0E9749A4B9D54966286E677E3386EBC115730570100CE9C00C61768F2F457281B43C7835CEAAA32A71496CB65AE364FC9CCE1BC6E5A0300789B00C61768F2F457984EA7E9F44CA41CDF55D5EFF7B7DB6D3ED024C7E94BE30D00A06504303EABE1D35FA1ECE12B8085DD6E57B605BBB8B8381C0EF940331CA7AFC88A4D3B3D00804F12C0F8ACC9645286CBB9D43065DDDD6AB5CAA56E5BAFD72533376A8A49FA02005A4F00E353369B4D1E2F3738DE44C64867A8935E319FCFD367121AB2BBB1F40500748100C6A78C46A33462BEB9B9C9A5E629773DED76BB5CE2E8D6B8F0F4F494AB3F44FA02003A4200E3E38EF7F66D72B6B9B8B848E76927DF172236A74FE66737DA92BE0080EE10C0F8A0E7E7E7E1709806CD0D6F145EEE77CACFF9C77153C4C160F0230175B95CA61308D21700D07A86A47C50D9273706EE0D6F149ECEB3DFEFE7E71CD9ED76F1C9A48FE8EAEAAAF2A5DC6C36E5B74B5F00401708607C5059D7376B766FF70818E93CE38473897F5BAD566592B066438EB834E55B140FDCA10700748100C647ECF7FB346E6EFEB452E9D3787D7D9D4BFCA1CC67863ADD2C8F573FC6B7282E533E0000D06A02181F51DA6F343FD5449C48A73A1A8D7289BF29DB55472EAAB010B1F4CFECF57ACBE532570100DA4E00E323EEEFEFD3E8B9E1ED3742D9F02A02462EF137FBFD7E3018A4CFEAF1F13157BF47D9BC3BFC78077C00809A04303EA2B42F8F78934B4D15E3FB74AAD3E9349778455988D8EBF5BEAF236249EFC1450100BA4600E3234AE7BAED769B4B4D5586FBF12097785DB92FEBF6F636977EAF38BDF8EDF30D578ED3D7F1AF0000E808018C8FC823E873D859EBEEEE2E9D6AC3BB353644B9652E94C85A9626F67ABD54F998E3F4351A8D1ABE7B0100C07710C0F8883C883E8700567A4B2C168B5CE24DE5130B11998E2359C83FF47ED217004010C0F8883C8E3E8700767D7D9D4EB54E77F5168868545A14868B7FB6EA4AF20FBD93F405009008607C441E4A9F4300BBBABA4AA7DAFCDBD59AE345063B967FE23DA6D369FEC7D21700D07902181F9147D3E710C0CA04CEF7B5F56BA5D732583E7C9AD56A351C0EF3BF94BE000004303E260FA8CF2180E513FDDD31FFFEB7DBDBDBEB93BD5880F761F13AE905D339C4C94438D96C36F92C1BE9AF192C1FFB2F1177E373CEFFE637E90B002008607C441E53372C80C5F83E52CDC3C3438A58F914CFC1D5D5559C709C768A67CBE532DEC88FAF99DCED76C73B26875EAF77CAAD748F8F8F65A38210FF2A2E8AF405001004303E2286D4696CFDE37338910762B83F1E8F8F97BAB54CFD78369FCFFFBAFE30190C067777777F5DD279381CCA26DD493CB5F81300A010C0F888B2BA2C86D7B9F49D76BB5D448E901248C4AD082465CBE053A4CC90FE797AA9CAD1F1AF6F21E4F3FB8414CFFEF4558B274384B117B12AA479ADFCF67E5BAFD7C7BF34227164C57C0C0080DF04303E22D24B1E651F6DD7FB7929A53C3E3EC66BA614917FC7C9228D4C2693A7A7A70803F182B3D92CD5A3987E45336DB7DB78E311577EA7B37C975AE9DFF883227ACDE7F3749271D123C49E98EB22615A730800F027018C0F3ADEAEF703B3492FB2D6BBA6B38EC5BF8D541041EBAFE7102F9E7E2C1EE4D219AA1FCF0683C1743A8D6B94CFE0DF168BC51BD7ABD7EBC5E5C83F0A00C0BF09607CD0F3F37399A18A301009211FF89BE3F6181FC85AF14FE277DDDCDCA4041201205EED94D4577A4888045F2B2EE871022F86C3A1FDD60000DE2080F171C70B11DF503A76FCA7D4AB3DDDAC7562C47A5BB973C9CD480000348100C6A744524A09E7BD06834164ADC96412AF10E9E8F359EBAFCA3ABD6F7A7D00007817018CCF8A6C734A6F8617ED31EA28BB51E9840E0040130860B4D66AB54AE92B62582E0100C08F12C068ADB23C723C1EE7120000FC28018CD62AED16B5400400A0210430DA69BFDFA7F4150E8743AE0200C08F12C068A7D96C96D2D7D5D5552E0100C04F13C068A7B203D8FDFD7D2E0100C04F13C068A1A7A7A794BE42CDAEF70000F036018C161A0C06297D8D46A35C0200800610C068A194BEC2F3F3732E010040030860B450AFD74B012C3F070080663042A5851E1E1E227D4D2693FC1C00009A4100030000A84400030000A84400030000A84400030000A84400030000A84400030000A84400030000A84400030000A84400030000A84400030000A84400030000A84400030000A84400030000A84400030000A84400030000A84400030000A84400030000A84400030000A84400030000A84400030000A84400030000A84400030000A84400030000A84400030000A84400030000A84400030000A84400030000A84400030000A84400030000A84400030000A84400030000A84400030000A84400030000A84400030000A84400030000A84400030000A84400030000A84400030000A84400030000A84400030000A84400030000A84400030000A84400030000A84400030000A84400030000A84400030000A84400030000A84400030000A84400030000A84400030000A84400030000A84400030000A84400030000A84400030000A84400030000A84400030000A84400030000A84400030000A84400030000A84400030000A84400030000A84400030000A84400030000A84400030000A84400030000A84400030000A84400030000A84400030000A84400030000A84400030000A84400030000A84400030000A84400030000A84400030000A84400030000A84400030000A84400030000A84400030000A84400030000A84400030000A84400030000A84400030000A84400030000A84400030000A84400030000A84400030000A84400030000A84400030000A84400030000A84400030000A84400030000A84400030000A84400030000A84400030000A84400030000A84400030000A84400030000A84400030000A84400030000A84400030000A84400030000A84400030000A84400030000A84400030000A84400030000A84400030000A84400030000A84400030000A84400030000A84400030000A84400030000A84400030000A84400030000A84400030000A84400030000A84400030000A84400030000A84400030000A84400030000A84400030000A84400030000A84400030000A84400030000A84400030000A84400030000A84400030000A84400030000A84400030000A84400030000A84400030000A84400030000A84400030000A84400030000A84400030000A84400030000A84400030000A84400030000A84400030000A84400030000A84400030000A84400030000A84400030000A84400030000A84400030000A84400030000A84400030000A84400030000A84400030000A84400030000A84400030000A84400030000A84400030000A84400030000A84400030000A84400030000A84400030000A84400030000A84400030000A84400030000A84400030000A84400030000A84400030000A84400030000A84400030000A84400030000A84400030000A84400030000A84400030000A84400030000A84400030000A84400030000A84400030000A84400030000A84400030000A84400030000A84400030000A84400030000A84400030000A84400030000A84400030000A84400030000A84400030000A84400030000A84400030000A84400030000A84400030000A84400030000A84400030000A84400030000A84400030000A84400030000A84400030000A84400030000A84400030000A84400030000A84400030000A84400030000A84400030000A84400030000A84400030000A84400030000A84400030000A84400030000A84400030000A84400030000A84400030000A84400030000A84400030000A84400030000A84400030000A84400030000A84400030000A84400030000A84400030000A84400030000A84400030000A84400030000A84400030000A84400030000A84400030000A84400030000A84400030000A84400030000A84400030000A84400030000A84400030000A84400030000A84400030000A84400030000A84400030000A84400030000A84400030000A84400030000A84400030000A84400030000A84400030000A84400030000A84400030000A84400030000A84400030000A84400030000A84400030000A84400030000A84400030000A84400030000A84400030000A84400030000A84400030000A84400030000A84400030000A84400030000A84400030000A84400030000A84400030000A8E27FFFFB7FB49BA56C788C916D0000000049454E44AE426082',
                        '1996-03-02 00:00:00',
                        'Hardcover'
                    );

INSERT INTO Artikel (
                        ISBN,
                        Bezeichnung,
                        Beschreibung,
                        Coverbild,
                        Erscheinungsdatum,
                        Medium
                    )
                    VALUES (
                        '9',
                        'kpwashierstehensoll',
                        'Sei die Macht mit dir',
                        X'89504E470D0A1A0A0000000D49484452000004800000028808020000008749165A000000017352474200AECE1CE90000000467414D410000B18F0BFC61050000000970485973000012740000127401DE661F780000370749444154785EEDDD2D78224BD736D09148243212191919898C8C442223719191919148241289442291482432F2F9F63B55A73E4E669243FE2A4DF75A0A76674843735DA97BAA7AD7AFFF010000508500060000508900060000508900060000508900060000508900060000508900060000508900060000508900060000508900060000508900060000508900060000508900060000508900060000508900060000508900060000508900060000508900060000508900060000508900060000508900060000508900060000508900060000508900060000508900060000508900060000508900060000508900060000508900060000508900060000508900060000508900060000508900060000508900060000508900060000508900060000508900060000508900060000508900069CE47038DCDFDF5F5C5CFCFA2D1E3C3D3DE56300009C460003FEDBE3E363BFDF4FD1EB5844B2FC1300009C400003DE72381C6E6E6E72DEFA9BD56A957F140080FF228001AF5AAFD765CD6188C7B3D92CEACFCFCFD7D7D7A5184FD3CF0300F036010CF8BB8787875EAF975256188FC7C7416BBFDF97458993C92457010078930006BCB4DD6EAFAEAE52B80A11B4E6F3793E7664369BE59FF8F52BCD8C0100F036010CF89717135F91C4228FE5637F28B787C53F59AFD7B90A00C02B0430207B31F115A6D3E9DBF777C5D1E170987EF8E2E262BFDFE7030000FC8D0006FC9F17135F11AB4E9CD1DAED76E566B0C86F1A720000BC410083AEDB6C36EF9DF87A61B55AE57FA9210700C09B0430E8AE485991B57272FAEDF489AF171E1F1FF34BFCFAF5F4F494AB0000FC9B00061DB55C2E8FF7F8EAF57A0F0F0F9F5940381E8FCB4B69C80100F057021874CE7EBF2F6129198D46BBDD2E1FFEA8086F6529E36030D0900300E04F021874CB7C3E2F3D334224A5C562918F7D5AA4B878C1F4CA1A720000FC490083AE883834994C523A4AEEEEEE0E87433EFC4556AB55E9A6A8210700C00B021874C26EB73B6E75188FBFEF36ADE3861C9BCD2657010010C0A00B56ABD5F1B2C3C964F2DD8B036F6E6ED2EF8A07B90400800006AD777F7F9FB250E8F57AF3F93C1FF84E9BCD26FF4A9360000047043068ADC3E1301A8D720CFABDC757CD2C64120C00E04F0218B4D37ABD3EDEE62B52D097F7DB789B493000803F0960D0424F4F4FA51561787878C807EA32090600F0820006ADF2A2D77CBFDF5FAD56F9587526C100005E10C0A03DF6FBFD8B5EF351C9C77E8849300080630218B4C47ABD1E0C0629ED840ABDE64F713C09B6582C721500A0AB04306883E39BBEE2413CCD071A603C1EA7138B7CF8E3337200003F4B0083B3777CD357849CF57A9D0F34C3F3F373E9C7787D7D9DAB00009D2480C1193B1C0E116952B6094DB8E9EBAF22139609BAC7C7C75C0500E81E010CCED566B339DEE9AB21377DBDE6FEFE3E9D6724311D110180CE12C0E02CCD66B3C6DEF4F59A3259371C0E9B9C150100BE8F00066766BFDF8F46A3946442036FFA7ACD6EB7EBF7FBE9B4279349AE020074890006E764B95C1EF79A6FEC4D5FAF99CFE7F9D475A507003A490083F370381C4A3FF7643A9D9EE342BEF22EFAFDFE6EB7CB5500806E10C0E00CACD7EBE17098724B38A365877F8AD058DECBE5E5A59BC100804E11C0A0D1229F4CA7D3145792F1787C381CF2E1F3B4DD6E4B0791783BB90A00D001021834570495ABABAB145442BFDF9FCD66F9D8998B3792DFD5AF5FAD79530000FF490083867A7C7C2CD344E1ECFA6DFCA7723358BCCD889AB90A00D06A021834CEE170386E341FF9E4E1E1211F6B91E39BC1EC0C060074840006CDB25EAF8F1BCD473239DF7E1BFF29DE9A9BC100804E11C0A041EEEFEF531A49269349EBE7851E1F1FF3BBFDF56BB55AE52A00404B0960D008FBFDFE45BF8DEEEC537C737393DEB5AEF40040EB0960F0F3226B45E24A2124B4AFDFC6DBE2CD9685888F8F8FB90A00D0460218FCA4E7E7E7C96492B247727F7F9F8F754959881849AC53E11300E81A010C7ECC76BB2D6D00C360306871BF8DB74510BDBCBC4C9FC3EDED6DAE0200B48E00063FE3E1E1A1ACBB0B37373787C3211FEBA4D56A953F0BDD380080F612C0A0B6ED767BDC6F2362D86C36CBC7BAEDF6F6367D26BA7100006D2580413D112AA6D369CA1849248DC863F970E7E9C60100B49E000695AC56ABE33BBE22693C3C3C98E77941370E00A0DD0430F87687C3613C1EA75C915C5D5D99F8FA2BDD3800807613C0E07BCDE7F3C160901245E8F7FBEEF87A9B6E1C00408B0960F05DF6FBFD6834CA49E2B79B9B1BCBEA4EA11B0700D05602187C8B8787877EBF9F5244180C06CBE5321FE3BFE8C60100B49500065F6CBD5E97BB9892BBBBBB8EEFF1F501BA710000AD2480C197899CF0A2D9C670388C3C960FF31EBA710000AD2480C1D7787C7C3C5E73188F1F1E1EF2313E44370E00A07D0430F8AC3FD71CDEDEDE5A35F72574E300005A4600838FFBEB9A4373355F48370E00A0650430F888C3E1707F7F6FCD6105BA7100006D2280C1FBFC19BD823587DF47370E00A04D043038D55FA3973587151C77E398CD66B90A0070860430F86F7F8D5E171717C24035E55EBB5EAFA7B33F0070BE0430788BE8D510CFCFCF575757E5F3B7E0130038530218BCEAE1E141F46A8EDD6E37180CD285B8BEBED6951E0038470218FCC566B329F32D89E8D504ABD5AA74A5BFBBBBCB550080F32180C1BF3C3F3F4FA7D334C44F44AF46295DE9C3D3D353AE02009C09010CFEBFE5725916B9855EAFF7F0F060A95BD368C801009C2F010CFECF7EBFBFB9B949C3FA64341A6DB7DB7C9826396EC8118159430E00E08C0860F0BFD96C76DC6C23C6F4D61C36DC71438E086366290180732180D175777777691C9F8CC7E3C3E1908FD160C70D39E2AAE52A0040B30960745704ADEBEBEB34820FC3E1D00D45E7E5B821C76834929C0180E613C0E8A8ED761B892B0FDE7FFDBAB9B9B18CED1C4D26937C097FF7ABDC6C36F900004023096074D172B93CBEE9EBFEFE3E1FE00C1DCF83F57A3DBDE901802613C0E89C17E3F5F97C9E0F70B6D6EBF5F1FE0193C9C47C2600D04C0218DD727F7F9F07E956ACB5CB7EBF2FBDE9C3E5E5E56EB7CBC700001A4300A3438ED3570CD6F56C689FE39E96FD7E7FB95CE6030000CD2080D115C7E96B341A59A2D656F3F9FCF806BF8787877C0000A00104303AE145BF72E9ABDD5EB4B8D4640500680E018CF65BAFD765C75EE9AB230E87C3EDED6DBAE8410603001A4200A3E562207E71719146E1575757D257A78CC7E374E9830C060034810046CBDDDCDCA4F177AFD7DB6EB7B94A67C8600040A30860B4D9D3D3531E7AFFFA757D7DBDDFEFF301BA440603009A4300A3CD8E3B31845EAFA7275E37C9600040430860B4D9F1AE50C564323115D641C7192CBE18B90A0050970046272C168BCBCBCB3CFAFE3D1516437031AC6B8E33D8CDCD8D9DB80180FA0430BAE2F9F9B934E4482286DDDEDE3E3D3D69CED11DC7192C32F96EB7CB070000AA10C0E896175361C560308878767F7FBF5AAD4C8CB4DB743ACD57FDD7AF7EBFBF5EAFF3010080EF2780D145AFC5B0E2E2E262341A451E5B2E97562AB6CF7C3E2F7B73C783D96C960F00007C33018CEEDA6C368F8F8F373737FD7E3F8DC55F33180C6E6F6F63982E8CB5C67ABD3EBEEE777777663E01800A0430F83F11C6225FC528FCFAFA3A0FC95F717979399D4EAD5B6B81DD6E773C111A317B3E9FE7630000DF430083BF38258FF5FBFD381A3F737F7F1F03F7D56AA5A3C3D9391C0E2F5AB3C435D5940500F83E0218FCB7F57A3D9D4EDFBE6DEC1417171731BE3FC5783C8E5C972C97CB4877C1B4DB3789FC3C180CF245FA2D2E773E0600F0A504307887FD7E3F9BCD6E6F6FFFF3B6B1EF767A963B963A8B1425DA858EDFDE76381C8EBB2386ABAB2BB7FC01005F4E00830FDA6EB7915B9E9E9E22C98CC7E38837118AF2E0FDCC0D068314D8269349BCBB788FF14EBB30FF16D734DE75FE147EAF325D2C16F91800C05710C0A04176BBDDEFE9A8FFF37B8EEAFFA47497E464F0A3AEAEAEE24C5A9CCD1E1E1EF25BFD2DDE663E0000F0690218B4DF71AE5B2C16BF635D96725DF2F97595299B8537D63A9E45AB928894C7778545DAB41C1100F8120218F017698165496B29567DF99D6FA9936448CD24534ECB67F0D30E87439C583E51FB3503005F440003DE27CDA77D6B368BB413AF79737313AF9F5639FEC8BCD9F3F3739C463EA7DFF20100808F329E00BECC6B6B1DA7D3E9EF989645BECA81E69D86C361A4B287878778FD4847F9B77E9B783BC70B116F6F6FF30100808F12C0809F94D63A3E3E3E464E1B8D4611CF72DC39C1E5E5E5643299CD669BCD26BFDCD78980777575957E51C430F78001005F4200031AE77038442A9BCFE791CA5213C8171B25FF29AD5A8C9F5F2C165F1296E2F79657B6053600F0550430E06C6C369BA7A7A7C96472797999D2D16B2E2E2E5227C648711F884F8F8F8FF9857EFD8ADF98AB00009F268001E76AB55A3D3C3CDCDCDC9CB205F670383C3192CD66B3FC6F7E37A0CF550080AF2080016DB0DFEF97CB65E4ABEB935B3246244BAB16237145964BAF739CBE22B05568F50100748A0006B4D076BB4D79ECF6F6B6F4D2F84FC73369F158FA0200BE9C000674C2872359DA8E6CB55A1D0E87FC5A00001F2580011D751CC94E5CB5288F01009F2480D145F3F9FCFAFAFAF1F1313FA7DB168B450E58BF7EA5BBC24E9C258B3C163F3F9D4ED3DED091E8F22B9EECE9E9295E21FE797E0E00B49D004617954DA562A89D4B74D57ABDEEF57AE9FB1059E8C57D5F9BCD26E27A44AC38547EEC6DA7B45BDCED76B3D92C625EFA27F1CAF90000D07602185D9446BD89C9872E8B2054161F5E5C5CFCE7AAC2ED76FBDE3C164EF9C9FC0B0080B6F3579F2ECA63DEDF6270EC669E6E8AEB1EA12B7D0D22864518CB074E16792CED459622D970384CAFF601F9150180B6F3579F2E7A3123B15C2EF3013AE3F9F9392253FA02C4F7E1EDAD99DFE594768BF11B47A35124B7FC5C000380CEF0579FCED9EFF779CCFB0FAB103BA8DC7F15168B45AE5697CF40000380CEF0579FCE292DEFCA3CD8CDCD4D3E46374CA7D374E9C3CFC6EF7C120218007486BFFA74CEFDFD7D1AF2961568171717F9181DF0F4F494AE7B984C26B9FA43F279086000D019FEEAD33937373769C83B9FCFCB24983E1C1D717CDBD56834CAD59F934F45000380CEF0579FCE296DC7B7DB6DE991A00F47174C269374B9C3E5E5E58B2DBF7E443E1B010C003AC35F7D3A270F787F0F79EFEEEED2637D38DA2DB2D671D78DD168D49039CF7C420218007486BFFA744E1EF0FE1EF2CE66B3F4581F8E168BAC55EEF70BE3F1B809735F493E27010C003AC35F7D3A270F787F0F79379B4D7AAC0F475BEDF7FBCBCBCB7495C3DDDD5D3ED00CF9B4043000E80C7FF5E99C3CE0FD67C8AB0F478B6DB7DB88D6E9FA86C7C7C77CA031F299096000D019FEEAD33979C0FBCF90B7F4E158AFD7A9423B6C369BD2702562F66C36CB079A249D5EC8CF0180B6F3579FCEC903DE7F86BCA533DED3D353AAD002CBE5B2CC6DC683C676B94C6718F27300A0EDFCD5A773F280F79F21EFE3E3637ADAB4BB83F8B0E3CDBEFAFDFE66B3C9079A279FA50006009DE1AF3E9D9307BCFF0C7997CB657ADA846D79F9A4E3BDDDC2C5C5C56EB7CBC71A299FA80006009DE1AF3E9D9307BCFF0C79F7FB7D7A3A180C528573F4FCFC3C9D4ED3A54C2E2F2FE3E2E6C34D95CF55000380CEF0579FCEC903DEA3216F69D5D0FCF13A7FB55AAD86C361BA88A1D7EB3D3C3C3467B3AF37E43316C000A033FCD5A773F280F768C83B1A8D52451F8EB373381CC6E371BA7CC9D5D5D576BBCD871B2F9FB40006009DE1AF3E9D539AE3E5E7FFFBDF6C364B95EBEBEB5CE21CCCE7F3C16090AE5DE8F7FBCDEC35FF867CEA0218007486BFFA744ED999373FFF3D8B525299558867212E5399B74C6E6E6ECEF1DAFDF9DF010040BBF9AB4FE7FC19C08255886724AE51B96D2F0C0683C66EF3F5B6488CE92DC4DBC92500A0ED04303AE7AF01CC2AC4B3F0FCFC5C36CE4EEEEEEE0E87433E7C6E168B457A17BE7500D01D02189DF3D70076BC0AF17C07F4EDB6DFEF8FF7F81A0E87EBF53A1F3B4F65C3689B80034077086074CE5F0358B8BEBE4EF5C562914B34C66AB53AEEB7311E8FCFA2CBFCDB6E6E6ED2DBF1950380EE10C0E89CD702D8FDFD7DAA9B8E689AC7C7C7746942AFD76BCD7D7AE5ABB8DBED720900683B018CCE792D80AD56AB54BFBCBCCC257EDAF3F3F3EDED6DBA2E6130189CFBB2C3E27038A437A5030700748A0046E7BC16C062AC5F6E033323D104DBED36C270BA22E1FAFABA4DB7E72D97CBF4BE46A3512E01001D2080D139AF05B0506E033BBBFD7CDB67B1581CF79A6FDFBAD0D281633A9DE61200D00102189D5302D89FD329E536B0F1789C4BFC84722142C4B056F6A8D0810300BA4900A373CAAAB63FD71996DBC022A4E51275452A2EC9240C87C3ED769B8FB54BBCB5F41EAD7705804E11C0E89CD1689406BE11B772E91F6E03FB599BCDA6CC4F8648622DDE93AD7CD3F27300A01BFCEDA773C6E3711AF8CEE7F35C3A52E2D9C3C3432E51455C8E9249C2E3E3633ED052E96D0E0683FC1C00E806018CCE994EA769ECFBD7EDA466B3593A7A7575954B7CBFD29122F4FBFD3F27275B66B7DBA5376BB12B00748D0046E7945D7DEFEFEF73E9C8E170B00AB1A6E7E7E732271922F7EEF7FB7CACBD369B4D7ABFD7D7D7B9040074830046E79439AED75A1D5A85584DC4DDF269879B9B9BC863F958AB95762FF196730900E806018CCEF9CFB1AF558875EC76BBE37D96DBB7D3D71BE6F3797AD7363C0080AE11C0E89CED769BC6BEAFE52BAB102BD86C3683C1207DC8E1AFF7E3B558BCDFF4C6EDC20C005D2380D139FBFD3E8D7DDFE87F6015E2B75A2C1625E2C6830EEE445C769AF6050380AE11C0E8A234F68DA17F7EFE07AB10BF4F6982120683C166B3C907BAE4EEEE2E7D02F14DCB2500A01B0430BAA8ECF6FBDA3EBFC7AB10BBD094AF9A123CC27038ECEC0ACFD2F8B183B37F00D07102185D1443FF34FC7D2300945588E628BEC4F3F3F3CDCD4DFA48C3F5F5F56BE9B70BE2EDA7CFA1F53B9E01002F0860745119FEAED7EB5CFA436993A051F8E7EDF7FBE38687E3F1B823EDE65F737575953E0A5D5E00A06B0430BAA84CC5BC31FF1023E3F433BD5EAFE369E193369B4D59F319F4FD0BFD7E3F7D1A16B80240D708607451B903E7EDE58565D266B95CE612EF141F5D091BC17ACE5076A28B4F26970080CE10C0E8A2E9749A46C06F6F3F557A854F26935CE23D4A33C91061438E4DCAF7CA2ECC00D04102185D5446C0F12097FE66BD5EA71F7B63C7305E73DC6E3E3EC06EB69BFFAB32B36A3E10003A4800A38BCACCCCDDDD5D2EBDA22C9F931FDEA544DC107943AB89E27038E4CFE5F55D1000801613C0E8A2F97C9E46C0FFB906ACDC2DF6F65C19C7269349FAD0C2D5D5959871AC847F7B7C03403709607451E982301A8D72E91525AA192E9FA844D6101FAF06922F88F400D07102185DB4D96CD220F8FAFA3A975E71381C7ABD5EFA611DC3DFF662ABE5DBDB5BE9EB4F6551EB1B7BD001002D2680D145658FAF53BA6B8C46A3F4C30F0F0FB9C41F226B950F2AE8EFF757A5ADCB6030C82500A0630430BA28D2C2E9E3E0B20A71381CE612FF76381C4A67BFF09FAD4D3AABF426115001A0B304303A2A8D83437EFEBA486B6515A25E887F7A91BEDCDAF486ABABABF42945AACF2500A06304303AEAE2E2220D854FE9D1571A2798DB7961B7DB954F32BCBDB175C7C5372D7F4C1AD0034087096074D470384C43E153B6A82A5D13078381C612C576BB3D4E5FB6157E5B59CBFA9FAD5F00801613C0E8A81804A7D1F089CDE84AD2582E97B9D46D9BCDA634F4EBF57A8BC5221FE0151AD003004100A3A34AC3F4D56A954B6F9A4EA7E9E76F6F6F73A9C322B51EA72FA1F41425C3BB931000BA4C00A3A3CA74C4890BE7B6DB6DFAF9C81B1DBF8127E256E94A12314C9C38C57EBF2F9F582E01009D2480D15177777769407C7ADF88D2C2AECBAD26E6F3B9F4F5018BC5227D686E0003808E13C0E8A8B223D3E937E43C3E3EA67F12492C973A269267FA04C2C5C5C529FD4B48CAF74D234D00E838018C8E2A59E2F401F17EBF2F933F1DCC1E65CE300C8743E9EB5DCA3D87760003808E13C0E8A8D96C9606C4E3F138974E301A8DD2BFEA5423BBC3E1509A4686CBCB4BDB58BDD76030489FDE76BBCD2500A09304303AAA6CED15992A974E50B6721A0E87B9D4761118CA9E69E1E6E6C64E68EFA503070050086074540960EF6A8A10D9A3AC423C7103B1B3B65C2E4BBBF96003AB8F291D38DE95F601805612C0E8A8DD6E97C6C4171717B9749AD2BFBEF5DD144AD39110B1D3CD4B1F5636918B07B90400749500464795556183C120974EB35C2E3FF60FCFC8F3F373C9992132AA76F39F516E1D5C2C16B904007495004677A53171C8CF4F561A2A4418CBA51689685A763C0BF1382AF9181F5296716A1D0900086074571A1387FCFC64A521FBBB3A289E85CD6673717191DE5D8837A8E5C62795C5AE3A7000004100A3BBD2B038E4E7275BAFD7E91FF67ABD36E593F97C5E5A8C84C7C7C77C804FD0810300382680D15D69581CF2F3F7289DD95BD39AE2FEFE3EBDA3D0EFF75BB9BAF247E8C001001C13C0E8AE342C0EF9F97B94B8D282698DE7E7E79B9B9BF47642644B9B057F211D380080630218DD9586C5213F7F8F72634FAFD73BEB1E15F1462E2F2FD37B09D7D7D787C3211FE32BE8C001001C13C0E8AE342C0EF9F93B9556814F4F4FB9746ED6EBF5F13ECBADDFD9ACBEB2DFF77BB79B0300DA4A00A3BBD2C838E4E7EF14B92BFDF34862B97456E2FC4BCB8D7870BE31B2C9CA0D6093C9249700806E13C0E8AE34320EF9F93BEDF7FB1260CEEBA6A9E7E7E7DBDBDB74E6A1DFEFAFD7EB7C8C2F5596776A6A0200240218DD9546C6213F7FBFD2BBE28C1ADC45562C2D1C432404F7267D93E31B056DA70600240218DD9506C7213F7FBFB2C5D36030C8A5669BCFE7C7377DD967F95B9545AA760003000A018CEE4A83E3909FBF5FA497885EE9451ADE643C4E753299A4530D6EFAAAA034A0F751030085004677A5C171C8CF3FA47459B8B9B9C9A5E6D9ED76A56763180E879BCD261FE37B44E22DB7085AE40900140218DD9506C7213FFF90ED769B5E2446DBCDDC106CB1581C2F3B8CA068A7AF0A96CB65FAC023EEE6120080004697A5F171C8CF3FAA4C2E3D3E3EE652639409BAA48167D85665C1E719356801002A10C0E8AE343E0EF9F947CD66B3F43A8D9AEBD8EFF7D7D7D7E9C4C26030D06BBEA68B8B8BF4C9AF56AB5C020010C0E8B2343E0EF9F9471DDFEDD390901383FED21D2444126BE6F2C8B62A0B53FBFD7E2E0100FC2680D15D2535E5E79F301E8FD34B4D26935CFA390F0F0FE96492FBFBFB7C805ACA25B8BDBDCD250080DF0430BAAB2C12CBCF3F61BD5EA7978A50F7833B6B1D0E87D2FA3CF4FBFDE572998F515159FC399BCD720900E037018CEEFAC2001686C3617AB59F1A7347082CEF285C5D5DE97EFE23220697C9550D270180170430BAEB6B03585975767D7D9D4B153D3D3D95417F984C263F3811D771F3F93C5D85C8C0B90400F00F018CEEFADA00B6DFEF4B04AAB9CD7104ADDBDBDBF47B43BFDF8F00908FF113CA0D81EEBE0300FE2480D15D5F1BC0C2CDCD4D7AC178904BDF6CB7DB5D5E5EA65F1A86C3E176BBCDC7F8099187CBB6D735733800702E0430BAEBCB03580CB8D30B860A6DDF178B4519EB87DBDB5BCB0E7F5C597F18DFAE5C0200382280D15D5F1EC0429904BBBBBBCBA5EF717F7F9F7E51E8F57A8F8F8FF9003FAAF43FB4FE1000F82B018CEEFA8E00B65AADD26B4628FAA649B0C3E15046F96130183464F76776BB5DBE2A55A6400180732480D15DDF11C042B929EB3B26C1369B4D39ED10494CA3F3E6984EA7E9BA8C46A35C0200F837018CEEFAA600B6582CD2CBF6BE7A53E617BDE663B89F0FD00C83C1205D9AF80EE41200C0BF096074D73705B05026C1BEEAD6AC087293C924BD66E8F7FB86F84D538277C430DD500080D7086074D7F705B0D20AEF4BC6E2BBDDEEEAEA2ABD60887417957C8CC6A8D67F0500386B0218DDF57D012C4257598DF6C949B0D56A75DC6B7E3C1E9B5D69A0E36DB86DC50600BC4100A3BBBE2F8085C85DE9C52389E5D2FBBDE835FFF4F4940FD0300F0F0FE9325D5D5DE51200C0DF086074D7B706B0E349B00FDCAF75381CCA92B610A7BAD96CF2319A67381CA62B359BCD720900E06F0430BAEB5B0358289360979797B9749AC85A65401F46A3915EF34D76BCF99B05A200C0DB0430BAEBBB03D8F17D41A74F82CD66B3E35EF3F7F7F7F9004D351E8FD3C59A4C26B90400F00A018CEEFAEE0016EEEEEED2AF386512ECC5B2C37EBFBF5AADF2319A2AAE5A09CCEBF53A5701005E2180D15D69D01CF2F36F703C09F6F64D5CCBE5B2DC3316AEAEAEF49A3F0B4F4F4FE992BD77A12900D04D02181D15D1288D9B2F2E2E72E97B9449B09B9B9B5CFAB7E7E7E7F233C9743ACDC768BC2FDF741B006837018C8EDA6C3669DCFCDD7DC3B7DB6DFA45E1CF49ADF57A7DDC6F231E5BC67646CAB7A8D7EB45A4CF550080D7096074D472B94C43E7D726A6BE50B9B3EB45478D878787E37E1BE3F158B7C3F352A62E6F6F6F730900E04D02181D359BCDD2D0B942E7BAC562917E5759EEB8DBEDAEAEAE5231F4FBFD0884E910E7E2F9F9392E5CBA822E1F007022018C8EBABFBF4F43E70A7DDE8F37655EAD5691FDCAC03D8C4623ABD7CED17C3E4F57F0BB6F230400DA4400A3A32693491A3D471CCAA5EF54D6AA1D47AF5EAFA773C3F98AE49CAEA3BDDA0080D309607454B92FABCEE2B1D2ADA1B8BABADA6EB7F930E766B7DBE50BF9EB97094C00E07402181D55BA87BFBD3DD797787E7E2E136EC9743A8D623ECC192A4B582B34710100DA4400A3A3CA4D59DF3D7DF1A2D17CB8BEBECEC7385BE5FBB3582C720900E00402181D9546CF213FFF1E0F0F0FF9D7FCDB9F1B827146CA1E0611C3CC640200EF2280D145E5069EEFEB5FB7DD6E5F349A5F2C16AF6D08C679B9BDBD4DD7713A9DE61200C0690430BA68BD5EA7017464A45CFA52F3F9FCAF8DE6FFDC108CB31397B26C9FAD8D0A00F05E02185D5482D097775078D16FE345A3F9171B82E52A67252E68BA82EEE503003E4000A38B9E9E9ED2183AC2522E7D85FD7E7FBCECF0AF8DE6CB8660E3F13897382BA57FE67C3ECF2500809309607451E921FE85F762AD56ABE3658711EDFEDA9EA16C08D6EBF5F46F383B65F16A5C6B970F00F800018C2E1A8FC769183D9BCD72E9738EBB1D46B27AFB65CB14CA57FD76AA29EB4BEFEEEE720900E03D0430BA68341AA561F472B9CCA58F3A1C0EA5B761B8B8B8F8CF9D9DDD4474A69E9F9FCB246785FDBB01805612C0E8A2B233F22787D1F1CF8F37598E2416792C1F7BDD711B3D1B829D91D96C96AEDAE5E5652E0100BC9300461795798CD41DFE63E6F379C951E15DB793D910EC1C5D5F5FA7ABF6F4F4944B0000EF2480D14569181DF2F3777AFE77AFF98873EFED296F43B0B3B3DD6ED325D33D0500F80C018C2E4A23E9909FBFC79FBDE63FB08C3046F036043B2FD3E9345D2FFB0700009F2180D1399197D2483A22502E9DECC45EF3A7B021D819390ECCEBF53A570100DE4F00A3734A007BEFF2BF77F59AFF4F36043B2365E76EED3700804F12C0E89C927C86C3612EFD970FF49A3F850DC1CE45B952DA6F00009F2480D139ABD52A0DA64FDC86EB63BDE64F6143B0B3503AA60C0603739500C027096074CEBB02D8677ACDFF271B829D057B0600005F4800A373CA76BAB7B7B7B9F48A3243153ED06BFE1406F70D777CABDE67768D03004804303AA704B0B7DB0F962E85E163BDE64F6143B0868B2F49BA4093C9249700003E4100A373CABCD66B43EAE7E7E7DBDBDBF433E1E6E6E6FBEEFC39EE6F6E43B0A6395E23FA256D57000004303AE7FEFE3E0DA9FFBAEAEF70385C5F5FA71F0815E63D6C08D65865F3E508E1B90400F03902189DF34600DBED76A5E178787878C807BED3F15D469AEC35C7F1E4E462B1C8550080CF11C0E89C7257CF8B3D9D22085D5C5CA44391856AEECD6543B0062A4B556DBE0C007C21018CCE2901EC38EDAC56AB7EBF9FEAF160B95CE60355D810AC814A2A8EAB934B00009F2680D139A5F3FB7C3E4F95E3CDBE068341FD760BC7CD1EB6DB6DAEF2736CBE0C007C13018CCE293D3652D7C1E3CDBE86C3E14F6D885C62E1DDDD5D2EF17346A351BA1CD3E934970000BE820046E71C07B0179B7D1D0E87FC43D59972690E9B2F0300DF4700A3734AA78D485CE941F8D6CDBE4E547AEE95B591FC88B20B9C8D0100802F2780D1392580151536FB3A45E98FAF15C70FB2F93200F0AD04303AA7743B4CEA6CF6758A18FAE773D28AE3E79455A9A3D128970000BE8E0046B794DB7B42E5CDBE4EA115C7CFB2F93200F0DD04303AE478B3AF5079B3AF5368C5F1B36CBE0C007C37018CAE38DEEC2B44C2C9071A462B8E9F723CFDF5F4F494AB00005F4A00A31366B3591A5817171717F958C368C5F153CAF497E94700E0FB0860B4DF71FA2A531CC3E1301F6E18AD387E4A698F19492C970000BE9A0046CB1DA7AFD168B45C2ED3E326CF2F69C5519FBBEF00803A0430DAEC45FA8A81F56AB54A4F9B1CC08481FA2E2F2FD3673E9D4E730900E01B0860B4D69FE9EBB8787B7B9B7EAC99CA5249AD382A2889B7D7EBEDF7FB5C0500F8060218EDF4D7F4755C1F8FC7A9D24C5A71D454A6BFACF90400BE9B00460BBD96BE42E97437994C72A9918E5B71EC76BB5CE51B94BDB94D7F0100150860B4CD1BE92B9499A578904B4D15277F2EA77AD64ACB9386AF4A0500DA4100A355DE4E5FE18C02D87C3E4FA7DAD88EF92D50A6BF423CCE5500806F2380D11EFF99BEC2783C4E3FF0F4F4944B4D15E7DFEBF5D2D9AED7EB5CE54B95E9AF78904B0000DF4900A3254E495FA104B0F8F95C6AB072B69A437C87DD6E973EDE60FA0B00A84300A30D4E4C5FA1CC789C457BF7B26DF46030C825BE4EC4DAF4F15E5D5DE51200C03713C0387BA7A7AF707D7D9D7E72B55AE552B3950DC1228CE5125F61BFDF97159E8BC522570100BE9900C6797B57FA0A6717C0CA2C4DC3372E3B3BE583BDBCBCCC250080EF278071C6DE9BBEC2C5C545FAF9ED769B4BCDB65EAFD309F77ABD53DE20A730FD0500FC14018C73F581F4154A003BA3DD8D87C3613AE7B3B86FED2C98FE02007E8A00C6597A7C7C4C03E8707AFA0AFD7E3FFDABFD7E9F4B8D57F62E8B779A4B7C82E92F00E00709609C9F1248C2BBD257C8FFECD7397DF34BB7F4880D67941B1BAB74C234FD0500D4278071663E93BE42FE976715C0C2D5D5553AEDE6EF1FDD709BCD267D92C1F41700509F00C639F964FADAEFF7E9DF9EDDB65A91BBD299DBB1EA93CAF4573CC82500808A0430CEC627D357286BF92E2E2E72E94C1CDFB6B45EAF7395773A9EFE8AC7B90A00509100C679F87CFA0A25800D87C35C3A1FB7B7B7E9E4DDB9F461F1D1A5CFD0F41700F0530430CEC097A4AFB05AADD28B5C5F5FE7D2F9389E047327D8072C168BF4E9C5C7782EBBC00100ED2380D1745F95BEC25907B0F0F0F090CE7F30181C0E875CE53465FAEBEEEE2E970000AA13C068B42F4C5FA1CC81DCDEDEE6D25989B75F36929622DEE578FA4B2B7F00E007096034D7D7A6AF309BCDD2AB8DC7E35C3A37C741421B8913C537673018A4CF4D7005007E960046437D79FA0A25804D26935C3A43F169A477110F7289373D3E3EA64F2C62D8977C9100003E4C00A389BE237D85720F55BC7E2E9DA1CD6653BA71D84AF83F1D4F7F4512CB5500801F2280D138DF94BE4279E5B30E60E1EEEE2EBD918B8B0B533A6F3BEE5CE2B302007E9C0046B37C5FFA0AD3E934BDF2B9B7713F1C0E6556270246AEF287E3DEFDB3D92C5701007E8E0046837C6BFA0AE3F138BD780BC6E29121D37BD1D6EF0D76AF06009A4600A329BE3B7D8512C0E6F3792E9DB3B2B1D59976D5FF6EEBF53A7D3E61B55AE52A00C08F12C068840AE92BDCDCDCA45FD18EE1F871C0D092FE4F25A0C675CF2500809F2680F1F3EAA4AF707D7D9D7E4B6BE6434AA494315EB04413006826018C1F562D7D8512C0B6DB6D2E9DB9CD6693DE513009561C3729892F58AE0200348000C64FAA99BEC270384CBF6BB7DBE5D2F93309F6A7D2A65FEB7900A06904307E4CE5F4152E2E2ED2AF6BD39A3493602FC48760A36A00A0B104307E46FDF415D2AF8BD1797EDE1626C18EC5D7297D1AD7D7D7B90400D01802183FE047D2D76EB74BBFF1E2E22297DAC22458B1582CF207613E10006824018CDA7E247D85D2B4BD95132326C1427C97CA2AD3BBBBBB5C05006812018CAA7E2A7D85F97C9E7EEF783CCEA5163109161E1E1ED22730180CB49E07009A4900A39EC7C7C7343E0E95D35728A3F30881B9D42E1D9F045BAD56A5F7467CD3721500A06104302AD91CF5A6AB9FBEC2643249BF7D369BE552BB1C4F82B566A7E913ED76BB7EBF9FDEFBD5D555AE0200348F00460D11B72E2F2FCBF8B87EFA0A658268B95CE652EBDCDEDEA6F7189FF68F7CC83FE2F8DB35180CDAB4C91B00D03E021835945BBF7ABDDE76BBCDD5BACA18FDA74EA082FD7EDFC16578255AC77B5FAFD7B90A00D0480218DFEE78F1E1C3C343AE565796A8B57B6AA8DC68179F79171A511CB775797A7ACA550080A612C0F85E2F161FE66A75711AE91C0683412EB5D4F1077E7B7B9BAB2D75BCEB97BEF300C05910C0F85E4D587C18E257A7D38870924BEDB55AADD29B0D2DEEC6F1A2AD4BAE0200349B00C6376AC8E2C3B05C2ED36974A4457BEBBB711C0E87B2E7723C88A7F9000040B309607C97862C3E4C9E9E9ED2997464A15ABBBB71C457EBFAFA3ABDBB7EBFDFE2AE2A0040FB08607C97862C3E4CCAC974A737608BBB71942DDD428B371500005A4900E35B3467F161321E8FD3C9CCE7F35C6ABBB676E3289399A13B711A00680D018CAFD7A8C5874959B1D6A97DA28EBB714424CED57316EFA804FB08D5B90A00703E0430BE5EA3161F26A5614317B6C63A5636296E41FBC7DD6E37180CD2DB8960DFCAE6220040EB09607CB1E3F60F4D587C98945D98F3F3CE38BE1C8BC52257CF50C4AD085DE98D440CEB5A9006005A4300E38BDDDDDDA55172A3A65CD229450CCBCFBBA45C91E17078BEB346E52EBEC8939D5A470A00B48C00C6576AE67C4B9C553AA58B8B8B5CEA9278FB65E5DE9976AD281D1DC3D3D353AE02009C21018CAFD4CCE9AFDD6ED7C0B3AAA90498486267370976DC78633299E42A00C07912C0F8328DBDDD68BD5EA7B3BABEBECEA58E89D055DA909CD756D4119ECBFD7B71F934DE0000CE9D00C69769E6F45728DDD8DBB41DD67B45244E1F4284E473E96011712BBE4BE9B423409ECB690300BC4100E36B3476FA2BCC66B374621DDF39AA84997309A2719EE984E3ABA5F10600D00E02185FA3B1D35FA104B0E9749A4B9D54966286E677E3386EBC115730570100CE9C00C61768F2F457281B43C7835CEAAA32A71496CB65AE364FC9CCE1BC6E5A0300789B00C61768F2F457984EA7E9F44CA41CDF55D5EFF7B7DB6D3ED024C7E94BE30D00A06504303EABE1D35FA1ECE12B8085DD6E57B605BBB8B8381C0EF940331CA7AFC88A4D3B3D00804F12C0F8ACC9645286CBB9D43065DDDD6AB5CAA56E5BAFD72533376A8A49FA02005A4F00E353369B4D1E2F3738DE44C64867A8935E319FCFD367121AB2BBB1F40500748100C6A78C46A33462BEB9B9C9A5E629773DED76BB5CE2E8D6B8F0F4F494AB3F44FA02003A4200E3E38EF7F66D72B6B9B8B848E76927DF172236A74FE66737DA92BE0080EE10C0F8A0E7E7E7E1709806CD0D6F145EEE77CACFF9C77153C4C160F0230175B95CA61308D21700D07A86A47C50D9273706EE0D6F149ECEB3DFEFE7E71CD9ED76F1C9A48FE8EAEAAAF2A5DC6C36E5B74B5F00401708607C5059D7376B766FF70818E93CE38473897F5BAD566592B066438EB834E55B140FDCA10700748100C647ECF7FB346E6EFEB452E9D3787D7D9D4BFCA1CC67863ADD2C8F573FC6B7282E533E0000D06A02181F51DA6F343FD5449C48A73A1A8D7289BF29DB55472EAAB010B1F4CFECF57ACBE532570100DA4E00E323EEEFEFD3E8B9E1ED3742D9F02A02462EF137FBFD7E3018A4CFEAF1F13157BF47D9BC3BFC78077C00809A04303EA2B42F8F78934B4D15E3FB74AAD3E9349778455988D8EBF5BEAF236249EFC1450100BA4600E3234AE7BAED769B4B4D5586FBF12097785DB92FEBF6F636977EAF38BDF8EDF30D578ED3D7F1AF0000E808018C8FC823E873D859EBEEEE2E9D6AC3BB353644B9652E94C85A9626F67ABD54F998E3F4351A8D1ABE7B0100C07710C0F8883C883E8700567A4B2C168B5CE24DE5130B11998E2359C83FF47ED217004010C0F8883C8E3E8700767D7D9D4EB54E77F5168868545A14868B7FB6EA4AF20FBD93F405009008607C441E4A9F4300BBBABA4AA7DAFCDBD59AE345063B967FE23DA6D369FEC7D21700D07902181F9147D3E710C0CA04CEF7B5F56BA5D732583E7C9AD56A351C0EF3BF94BE000004303E260FA8CF2180E513FDDD31FFFEB7DBDBDBEB93BD5880F761F13AE905D339C4C94438D96C36F92C1BE9AF192C1FFB2F1177E373CEFFE637E90B002008607C441E53372C80C5F83E52CDC3C3438A58F914CFC1D5D5559C709C768A67CBE532DEC88FAF99DCED76C73B26875EAF77CAAD748F8F8F65A38210FF2A2E8AF405001004303E2286D4696CFDE37338910762B83F1E8F8F97BAB54CFD78369FCFFFBAFE30190C067777777F5DD279381CCA26DD493CB5F81300A010C0F888B2BA2C86D7B9F49D76BB5D448E901248C4AD082465CBE053A4CC90FE797AA9CAD1F1AF6F21E4F3FB8414CFFEF4558B274384B117B12AA479ADFCF67E5BAFD7C7BF34227164C57C0C0080DF04303E22D24B1E651F6DD7FB7929A53C3E3EC66BA614917FC7C9228D4C2693A7A7A70803F182B3D92CD5A3987E45336DB7DB78E311577EA7B37C975AE9DFF883227ACDE7F3749271D123C49E98EB22615A730800F027018C0F3ADEAEF703B3492FB2D6BBA6B38EC5BF8D541041EBAFE7102F9E7E2C1EE4D219AA1FCF0683C1743A8D6B94CFE0DF168BC51BD7ABD7EBC5E5C83F0A00C0BF09607CD0F3F37399A18A301009211FF89BE3F6181FC85AF14FE277DDDCDCA4041201205EED94D4577A4888045F2B2EE871022F86C3A1FDD60000DE2080F171C70B11DF503A76FCA7D4AB3DDDAC7562C47A5BB973C9CD480000348100C6A744524A09E7BD06834164ADC96412AF10E9E8F359EBAFCA3ABD6F7A7D00007817018CCF8A6C734A6F8617ED31EA28BB51E9840E0040130860B4D66AB54AE92B62582E0100C08F12C068ADB23C723C1EE7120000FC28018CD62AED16B5400400A0210430DA69BFDFA7F4150E8743AE0200C08F12C068A7D96C96D2D7D5D5552E0100C04F13C068A7B203D8FDFD7D2E0100C04F13C068A1A7A7A794BE42CDAEF70000F036018C161A0C06297D8D46A35C0200800610C068A194BEC2F3F3732E010040030860B450AFD74B012C3F070080663042A5851E1E1E227D4D2693FC1C00009A4100030000A84400030000A84400030000A84400030000A84400030000A84400030000A84400030000A84400030000A84400030000A84400030000A84400030000A84400030000A84400030000A84400030000A84400030000A84400030000A84400030000A84400030000A84400030000A84400030000A84400030000A84400030000A84400030000A84400030000A84400030000A84400030000A84400030000A84400030000A84400030000A84400030000A84400030000A84400030000A84400030000A84400030000A84400030000A84400030000A84400030000A84400030000A84400030000A84400030000A84400030000A84400030000A84400030000A84400030000A84400030000A84400030000A84400030000A84400030000A84400030000A84400030000A84400030000A84400030000A84400030000A84400030000A84400030000A84400030000A84400030000A84400030000A84400030000A84400030000A84400030000A84400030000A84400030000A84400030000A84400030000A84400030000A84400030000A84400030000A84400030000A84400030000A84400030000A84400030000A84400030000A84400030000A84400030000A84400030000A84400030000A84400030000A84400030000A84400030000A84400030000A84400030000A84400030000A84400030000A84400030000A84400030000A84400030000A84400030000A84400030000A84400030000A84400030000A84400030000A84400030000A84400030000A84400030000A84400030000A84400030000A84400030000A84400030000A84400030000A84400030000A84400030000A84400030000A84400030000A84400030000A84400030000A84400030000A84400030000A84400030000A84400030000A84400030000A84400030000A84400030000A84400030000A84400030000A84400030000A84400030000A84400030000A84400030000A84400030000A84400030000A84400030000A84400030000A84400030000A84400030000A84400030000A84400030000A84400030000A84400030000A84400030000A84400030000A84400030000A84400030000A84400030000A84400030000A84400030000A84400030000A84400030000A84400030000A84400030000A84400030000A84400030000A84400030000A84400030000A84400030000A84400030000A84400030000A84400030000A84400030000A84400030000A84400030000A84400030000A84400030000A84400030000A84400030000A84400030000A84400030000A84400030000A84400030000A84400030000A84400030000A84400030000A84400030000A84400030000A84400030000A84400030000A84400030000A84400030000A84400030000A84400030000A84400030000A84400030000A84400030000A84400030000A84400030000A84400030000A84400030000A84400030000A84400030000A84400030000A84400030000A84400030000A84400030000A84400030000A84400030000A84400030000A84400030000A84400030000A84400030000A84400030000A84400030000A84400030000A84400030000A84400030000A84400030000A84400030000A84400030000A84400030000A84400030000A84400030000A84400030000A84400030000A84400030000A84400030000A84400030000A84400030000A84400030000A84400030000A84400030000A84400030000A84400030000A84400030000A84400030000A84400030000A84400030000A84400030000A84400030000A84400030000A84400030000A84400030000A84400030000A84400030000A84400030000A84400030000A84400030000A84400030000A84400030000A84400030000A84400030000A84400030000A84400030000A84400030000A84400030000A84400030000A84400030000A84400030000A84400030000A84400030000A84400030000A84400030000A84400030000A84400030000A84400030000A84400030000A84400030000A84400030000A84400030000A84400030000A84400030000A84400030000A84400030000A84400030000A84400030000A84400030000A8E27FFFFB7FB49BA56C788C916D0000000049454E44AE426082',
                        '1993-03-02 00:00:00',
                        'DVD'
                    );

INSERT INTO Artikel (
                        ISBN,
                        Bezeichnung,
                        Beschreibung,
                        Coverbild,
                        Erscheinungsdatum,
                        Medium
                    )
                    VALUES (
                        '12',
                        'kpwashierstehensoll',
                        'Niklo Tesla war richtig fancy',
                        NULL,
                        '1989-03-02 00:00:00',
                        'Hardcover'
                    );

INSERT INTO Artikel (
                        ISBN,
                        Bezeichnung,
                        Beschreibung,
                        Coverbild,
                        Erscheinungsdatum,
                        Medium
                    )
                    VALUES (
                        '14',
                        'kpwashierstehensoll',
                        'Nike ist die meistgefaelschte Marke der Welt',
                        NULL,
                        '1953-03-02 00:00:00',
                        'CD'
                    );

INSERT INTO Artikel (
                        ISBN,
                        Bezeichnung,
                        Beschreibung,
                        Coverbild,
                        Erscheinungsdatum,
                        Medium
                    )
                    VALUES (
                        '15',
                        'kpwashierstehensoll',
                        'Augendieb',
                        NULL,
                        '2010-03-02 00:00:00',
                        'Softcover'
                    );

-- Table: Exemplar

INSERT INTO Exemplar (
                         Exemplar_id,
                         Anschaffungspreis,
                         Standort_id,
                         ISBN
                     )
                     VALUES (
                         1,
                         300.0,
                         4,
                         '10'
                     );

INSERT INTO Exemplar (
                         Exemplar_id,
                         Anschaffungspreis,
                         Standort_id,
                         ISBN
                     )
                     VALUES (
                         2,
                         45.0,
                         2,
                         '14'
                     );

INSERT INTO Exemplar (
                         Exemplar_id,
                         Anschaffungspreis,
                         Standort_id,
                         ISBN
                     )
                     VALUES (
                         3,
                         23.0,
                         2,
                         '12'
                     );

INSERT INTO Exemplar (
                         Exemplar_id,
                         Anschaffungspreis,
                         Standort_id,
                         ISBN
                     )
                     VALUES (
                         4,
                         42.0,
                         4,
                         '12'
                     );

INSERT INTO Exemplar (
                         Exemplar_id,
                         Anschaffungspreis,
                         Standort_id,
                         ISBN
                     )
                     VALUES (
                         5,
                         24.0,
                         2,
                         '15'
                     );

INSERT INTO Exemplar (
                         Exemplar_id,
                         Anschaffungspreis,
                         Standort_id,
                         ISBN
                     )
                     VALUES (
                         6,
                         356.0,
                         1,
                         '9'
                     );

INSERT INTO Exemplar (
                         Exemplar_id,
                         Anschaffungspreis,
                         Standort_id,
                         ISBN
                     )
                     VALUES (
                         7,
                         35.0,
                         3,
                         '10'
                     );

INSERT INTO Exemplar (
                         Exemplar_id,
                         Anschaffungspreis,
                         Standort_id,
                         ISBN
                     )
                     VALUES (
                         8,
                         145.0,
                         3,
                         '12'
                     );

INSERT INTO Exemplar (
                         Exemplar_id,
                         Anschaffungspreis,
                         Standort_id,
                         ISBN
                     )
                     VALUES (
                         9,
                         123.34,
                         3,
                         '12'
                     );

INSERT INTO Exemplar (
                         Exemplar_id,
                         Anschaffungspreis,
                         Standort_id,
                         ISBN
                     )
                     VALUES (
                         10,
                         142.35,
                         2,
                         '12'
                     );

INSERT INTO Exemplar (
                         Exemplar_id,
                         Anschaffungspreis,
                         Standort_id,
                         ISBN
                     )
                     VALUES (
                         11,
                         1224.35,
                         3,
                         '12'
                     );

INSERT INTO Exemplar (
                         Exemplar_id,
                         Anschaffungspreis,
                         Standort_id,
                         ISBN
                     )
                     VALUES (
                         12,
                         126.54,
                         3,
                         '14'
                     );

INSERT INTO Exemplar (
                         Exemplar_id,
                         Anschaffungspreis,
                         Standort_id,
                         ISBN
                     )
                     VALUES (
                         13,
                         56.45,
                         2,
                         '12'
                     );

INSERT INTO Exemplar (
                         Exemplar_id,
                         Anschaffungspreis,
                         Standort_id,
                         ISBN
                     )
                     VALUES (
                         14,
                         78.56,
                         1,
                         '9'
                     );

INSERT INTO Exemplar (
                         Exemplar_id,
                         Anschaffungspreis,
                         Standort_id,
                         ISBN
                     )
                     VALUES (
                         15,
                         578.56,
                         1,
                         '9'
                     );

INSERT INTO Exemplar (
                         Exemplar_id,
                         Anschaffungspreis,
                         Standort_id,
                         ISBN
                     )
                     VALUES (
                         16,
                         45.46,
                         4,
                         '10'
                     );

-- Table: verfasst

INSERT INTO verfasst (
                         ISBN,
                         Autor_id
                     )
                     VALUES (
                         '10',
                         2
                     );

INSERT INTO verfasst (
                         ISBN,
                         Autor_id
                     )
                     VALUES (
                         '9',
                         1
                     );

INSERT INTO verfasst (
                         ISBN,
                         Autor_id
                     )
                     VALUES (
                         '15',
                         1
                     );

INSERT INTO verfasst (
                         ISBN,
                         Autor_id
                     )
                     VALUES (
                         '14',
                         1
                     );

INSERT INTO verfasst (
                         ISBN,
                         Autor_id
                     )
                     VALUES (
                         '12',
                         2
                     );

-- Table: gehoert

INSERT INTO gehoert (
                        Bezeichnung,
                        ISBN
                    )
                    VALUES (
                        'Kriminalroman',
                        '10'
                    );

INSERT INTO gehoert (
                        Bezeichnung,
                        ISBN
                    )
                    VALUES (
                        'Novelle',
                        '9'
                    );

INSERT INTO gehoert (
                        Bezeichnung,
                        ISBN
                    )
                    VALUES (
                        'Thriller',
                        '12'
                    );

INSERT INTO gehoert (
                        Bezeichnung,
                        ISBN
                    )
                    VALUES (
                        'Novelle',
                        '15'
                    );

INSERT INTO gehoert (
                        Bezeichnung,
                        ISBN
                    )
                    VALUES (
                        'Thriller',
                        '14'
                    );

-- Table: empfiehlt

INSERT INTO empfiehlt (
                          ISBN_1,
                          ISBN_2
                      )
                      VALUES (
                          '12',
                          '10'
                      );

INSERT INTO empfiehlt (
                          ISBN_1,
                          ISBN_2
                      )
                      VALUES (
                          '9',
                          '10'
                      );

-- Table: Ausleihe
INSERT INTO Ausleihe (
                         Ausleihe_id,
                         Ausleihbeginn,
                         Ausleihende,
                         Status,
                         Email,
                         Exemplar_id
                     )
                     VALUES (
                         1,
                         '2010-03-02 00:00:00',
                         '2010-03-29 00:00:00',
                         0,
                         'm@w.de',
                         1
                     );

INSERT INTO Ausleihe (
                         Ausleihe_id,
                         Ausleihbeginn,
                         Ausleihende,
                         Status,
                         Email,
                         Exemplar_id
                     )
                     VALUES (
                         2,
                         '2010-03-03 00:00:00',
                         '2010-03-29 00:00:00',
                         0,
                         'r@i.de',
                         1
                     );

INSERT INTO Ausleihe (
                         Ausleihe_id,
                         Ausleihbeginn,
                         Ausleihende,
                         Status,
                         Email,
                         Exemplar_id
                     )
                     VALUES (
                         3,
                         '2010-03-02 00:00:00',
                         '2010-03-29 00:00:00',
                         0,
                         'r@i.de',
                         3
                     );

INSERT INTO Ausleihe (
                         Ausleihe_id,
                         Ausleihbeginn,
                         Ausleihende,
                         Status,
                         Email,
                         Exemplar_id
                     )
                     VALUES (
                         4,
                         '2010-03-02 00:00:00',
                         '2010-03-29 00:00:00',
                         1,
                         'd@d.de',
                         7
                     );

INSERT INTO Ausleihe (
                         Ausleihe_id,
                         Ausleihbeginn,
                         Ausleihende,
                         Status,
                         Email,
                         Exemplar_id
                     )
                     VALUES (
                         5,
                         '2010-03-02 00:00:00',
                         '2010-03-29 00:00:00',
                         1,
                         'm@m.de',
                         1
                     );

INSERT INTO Ausleihe (
                         Ausleihe_id,
                         Ausleihbeginn,
                         Ausleihende,
                         Status,
                         Email,
                         Exemplar_id
                     )
                     VALUES (
                         6,
                         '2010-03-02 00:00:00',
                         '2010-03-02 00:00:00',
                         0,
                         'h@i.de',
                         5
                     );

INSERT INTO Ausleihe (
                         Ausleihe_id,
                         Ausleihbeginn,
                         Ausleihende,
                         Status,
                         Email,
                         Exemplar_id
                     )
                     VALUES (
                         7,
                         '2010-03-02 00:00:00',
                         '2010-03-28 00:00:00',
                         1,
                         'm@m.de',
                         6
                     );

				  
					